pressure_mode,relative
pressure_unit,None
material_basis,mass
material_unit,g
loading_basis,molar
loading_unit,cm3(STP)
temperature_unit,K
adsorbate,nitrogen
material,CarbonBlack
temperature,77.355
model_from,BET
material_batch,Test
date,21/05/2010 00:00
t_act,200.0
user,PI
lab,MADIREL
machine,Triflex
type,calorimetry
project,ACRONYM
iso_type,Isotherme
is_real,True
adsorbent_basis,mass
adsorbent_unit,g
file_version,3.0
data:[pressure,loading,branch,(otherdata)]
pressure,loading,branch
0.0,0.00012725,ads
0.001001,6.40796778,ads
0.002002,6.57959315,ads
0.003003,6.64313856,ads
0.00400401,6.67861532,ads
0.00500501,6.70269604,ads
0.00600601,6.72103546,ads
0.00700701,6.73608131,ads
0.00800801,6.74906551,ads
0.00900901,6.76067568,ads
0.01001001,6.77132586,ads
0.01101101,6.78128026,ads
0.01201201,6.79071542,ads
0.01301301,6.79975379,ads
0.01401402,6.80848298,ads
0.01501502,6.81696734,ads
0.01601602,6.82525519,ads
0.01701702,6.83338351,ads
0.01801802,6.84138111,ads
0.01901902,6.84927076,ads
0.02002002,6.8570707,ads
0.02102102,6.86479571,ads
0.02202202,6.87245788,ads
0.02302302,6.88006723,ads
0.02402402,6.88763212,ads
0.02502503,6.89515957,ads
0.02602603,6.90265554,ads
0.02702703,6.9101251,ads
0.02802803,6.91757262,ads
0.02902903,6.92500187,ads
0.03003003,6.93241612,ads
0.03103103,6.93981822,ads
0.03203203,6.94721068,ads
0.03303303,6.95459572,ads
0.03403404,6.96197527,ads
0.03503504,6.96935108,ads
0.03603604,6.9767247,ads
0.03703704,6.98409751,ads
0.03803804,6.99147075,ads
0.03903904,6.99884556,ads
0.04004004,7.00622294,ads
0.04104104,7.01360381,ads
0.04204204,7.02098901,ads
0.04304304,7.02837931,ads
0.04404404,7.0357754,ads
0.04504505,7.04317793,ads
0.04604605,7.05058748,ads
0.04704705,7.05800459,ads
0.04804805,7.06542978,ads
0.04904905,7.0728635,ads
0.05005005,7.08030619,ads
0.05105105,7.08775824,ads
0.05205205,7.09522004,ads
0.05305305,7.10269192,ads
0.05405406,7.11017423,ads
0.05505506,7.11766727,ads
0.05605606,7.12517132,ads
0.05705706,7.13268666,ads
0.05805806,7.14021355,ads
0.05905906,7.14775223,ads
0.06006006,7.15530293,ads
0.06106106,7.16286587,ads
0.06206206,7.17044126,ads
0.06306306,7.17802929,ads
0.06406406,7.18563016,ads
0.06506507,7.19324404,ads
0.06606607,7.2008711,ads
0.06706707,7.20851152,ads
0.06806807,7.21616545,ads
0.06906907,7.22383305,ads
0.07007007,7.23151446,ads
0.07107107,7.23920982,ads
0.07207207,7.24691927,ads
0.07307307,7.25464295,ads
0.07407408,7.26238098,ads
0.07507508,7.27013348,ads
0.07607608,7.27790059,ads
0.07707708,7.2856824,ads
0.07807808,7.29347905,ads
0.07907908,7.30129064,ads
0.08008008,7.30911728,ads
0.08108108,7.31695907,ads
0.08208208,7.32481612,ads
0.08308308,7.33268853,ads
0.08408408,7.34057641,ads
0.08508509,7.34847984,ads
0.08608609,7.35639892,ads
0.08708709,7.36433375,ads
0.08808809,7.37228443,ads
0.08908909,7.38025103,ads
0.09009009,7.38823365,ads
0.09109109,7.39623238,ads
0.09209209,7.40424731,ads
0.09309309,7.41227852,ads
0.0940941,7.4203261,ads
0.0950951,7.42839012,ads
0.0960961,7.43647068,ads
0.0970971,7.44456786,ads
0.0980981,7.45268173,ads
0.0990991,7.46081238,ads
0.1001001,7.46895988,ads
0.1011011,7.47712433,ads
0.1021021,7.48530578,ads
0.1031031,7.49350433,ads
0.1041041,7.50172005,ads
0.10510511,7.50995302,ads
0.10610611,7.51820332,ads
0.10710711,7.52647101,ads
0.10810811,7.53475618,ads
0.10910911,7.5430589,ads
0.11011011,7.55137925,ads
0.11111111,7.5597173,ads
0.11211211,7.56807312,ads
0.11311311,7.5764468,ads
0.11411412,7.5848384,ads
0.11511512,7.59324799,ads
0.11611612,7.60167566,ads
0.11711712,7.61012148,ads
0.11811812,7.61858552,ads
0.11911912,7.62706785,ads
0.12012012,7.63556854,ads
0.12112112,7.64408767,ads
0.12212212,7.65262532,ads
0.12312312,7.66118155,ads
0.12412412,7.66975644,ads
0.12512513,7.67835005,ads
0.12612613,7.68696248,ads
0.12712713,7.69559378,ads
0.12812813,7.70424403,ads
0.12912913,7.7129133,ads
0.13013013,7.72160167,ads
0.13113113,7.73030921,ads
0.13213213,7.73903599,ads
0.13313313,7.74778209,ads
0.13413414,7.75654758,ads
0.13513514,7.76533253,ads
0.13613614,7.77413702,ads
0.13713714,7.78296111,ads
0.13813814,7.79180489,ads
0.13913914,7.80066843,ads
0.14014014,7.8095518,ads
0.14114114,7.81845507,ads
0.14214214,7.82737833,ads
0.14314314,7.83632164,ads
0.14414414,7.84528508,ads
0.14514515,7.85426872,ads
0.14614615,7.86327265,ads
0.14714715,7.87229693,ads
0.14814815,7.88134163,ads
0.14914915,7.89040685,ads
0.15015015,7.89949264,ads
0.15115115,7.9085991,ads
0.15215215,7.91772629,ads
0.15315315,7.92687429,ads
0.15415416,7.93604317,ads
0.15515516,7.94523302,ads
0.15615616,7.95444391,ads
0.15715716,7.96367592,ads
0.15815816,7.97292913,ads
0.15915916,7.98220361,ads
0.16016016,7.99149944,ads
0.16116116,8.00081671,ads
0.16216216,8.01015548,ads
0.16316316,8.01951585,ads
0.16416416,8.02889788,ads
0.16516517,8.03830166,ads
0.16616617,8.04772726,ads
0.16716717,8.05717478,ads
0.16816817,8.06664428,ads
0.16916917,8.07613585,ads
0.17017017,8.08564958,ads
0.17117117,8.09518553,ads
0.17217217,8.1047438,ads
0.17317317,8.11432446,ads
0.17417418,8.1239276,ads
0.17517518,8.1335533,ads
0.17617618,8.14320164,ads
0.17717718,8.15287271,ads
0.17817818,8.16256659,ads
0.17917918,8.17228336,ads
0.18018018,8.18202311,ads
0.18118118,8.19178592,ads
0.18218218,8.20157188,ads
0.18318318,8.21138108,ads
0.18418418,8.22121359,ads
0.18518519,8.23106951,ads
0.18618619,8.24094892,ads
0.18718719,8.2508519,ads
0.18818819,8.26077856,ads
0.18918919,8.27072896,ads
0.19019019,8.28070321,ads
0.19119119,8.29070138,ads
0.19219219,8.30072357,ads
0.19319319,8.31076987,ads
0.1941942,8.32084037,ads
0.1951952,8.33093515,ads
0.1961962,8.34105431,ads
0.1971972,8.35119793,ads
0.1981982,8.36136611,ads
0.1991992,8.37155894,ads
0.2002002,8.38177652,ads
0.2012012,8.39201892,ads
0.2022022,8.40228625,ads
0.2032032,8.41257861,ads
0.2042042,8.42289607,ads
0.20520521,8.43323874,ads
0.20620621,8.44360672,ads
0.20720721,8.45400009,ads
0.20820821,8.46441895,ads
0.20920921,8.4748634,ads
0.21021021,8.48533353,ads
0.21121121,8.49582944,ads
0.21221221,8.50635123,ads
0.21321321,8.51689899,ads
0.21421422,8.52747282,ads
0.21521522,8.53807283,ads
0.21621622,8.54869911,ads
0.21721722,8.55935175,ads
0.21821822,8.57003087,ads
0.21921922,8.58073655,ads
0.22022022,8.5914689,ads
0.22122122,8.60222803,ads
0.22222222,8.61301403,ads
0.22322322,8.623827,ads
0.22422423,8.63466705,ads
0.22522523,8.64553429,ads
0.22622623,8.65642881,ads
0.22722723,8.66735071,ads
0.22822823,8.67830012,ads
0.22922923,8.68927712,ads
0.23023023,8.70028183,ads
0.23123123,8.71131435,ads
0.23223223,8.72237479,ads
0.23323323,8.73346325,ads
0.23423424,8.74457985,ads
0.23523524,8.75572469,ads
0.23623624,8.76689788,ads
0.23723724,8.77809953,ads
0.23823824,8.78932975,ads
0.23923924,8.80058866,ads
0.24024024,8.81187635,ads
0.24124124,8.82319295,ads
0.24224224,8.83453857,ads
0.24324324,8.84591332,ads
0.24424425,8.8573173,ads
0.24524525,8.86875065,ads
0.24624625,8.88021347,ads
0.24724725,8.89170587,ads
0.24824825,8.90322797,ads
0.24924925,8.91477989,ads
0.25025025,8.92636175,ads
0.25125125,8.93797366,ads
0.25225225,8.94961574,ads
0.25325325,8.96128811,ads
0.25425426,8.97299089,ads
0.25525526,8.9847242,ads
0.25625626,8.99648816,ads
0.25725726,9.00828288,ads
0.25825826,9.0201085,ads
0.25925926,9.03196513,ads
0.26026026,9.0438529,ads
0.26126126,9.05577194,ads
0.26226226,9.06772235,ads
0.26326326,9.07970428,ads
0.26426427,9.09171784,ads
0.26526527,9.10376317,ads
0.26626627,9.11584038,ads
0.26726727,9.12794962,ads
0.26826827,9.14009099,ads
0.26926927,9.15226464,ads
0.27027027,9.1644707,ads
0.27127127,9.17670928,ads
0.27227227,9.18898054,ads
0.27327327,9.20128459,ads
0.27427428,9.21362156,ads
0.27527528,9.2259916,ads
0.27627628,9.23839484,ads
0.27727728,9.25083141,ads
0.27827828,9.26330144,ads
0.27927928,9.27580507,ads
0.28028028,9.28834244,ads
0.28128128,9.30091369,ads
0.28228228,9.31351895,ads
0.28328328,9.32615836,ads
0.28428429,9.33883207,ads
0.28528529,9.35154021,ads
0.28628629,9.36428292,ads
0.28728729,9.37706035,ads
0.28828829,9.38987263,ads
0.28928929,9.40271992,ads
0.29029029,9.41560235,ads
0.29129129,9.42852008,ads
0.29229229,9.44147324,ads
0.29329329,9.45446198,ads
0.2942943,9.46748646,ads
0.2952953,9.48054681,ads
0.2962963,9.49364319,ads
0.2972973,9.50677575,ads
0.2982983,9.51994464,ads
0.2992993,9.53315001,ads
0.3003003,9.54639201,ads
0.3013013,9.5596708,ads
0.3023023,9.57298653,ads
0.3033033,9.58633935,ads
0.30430431,9.59972942,ads
0.30530531,9.6131569,ads
0.30630631,9.62662194,ads
0.30730731,9.64012471,ads
0.30830831,9.65366535,ads
0.30930931,9.66724404,ads
0.31031031,9.68086093,ads
0.31131131,9.69451619,ads
0.31231231,9.70820998,ads
0.31331331,9.72194245,ads
0.31431432,9.73571378,ads
0.31531532,9.74952414,ads
0.31631632,9.76337368,ads
0.31731732,9.77726258,ads
0.31831832,9.791191,ads
0.31931932,9.80515912,ads
0.32032032,9.8191671,ads
0.32132132,9.83321512,ads
0.32232232,9.84730334,ads
0.32332332,9.86143195,ads
0.32432433,9.87560111,ads
0.32532533,9.889811,ads
0.32632633,9.9040618,ads
0.32732733,9.91835368,ads
0.32832833,9.93268683,ads
0.32932933,9.94706142,ads
0.33033033,9.96147763,ads
0.33133133,9.97593564,ads
0.33233233,9.99043564,ads
0.33333333,10.00497781,ads
0.33433434,10.01956234,ads
0.33533534,10.0341894,ads
0.33633634,10.04885919,ads
0.33733734,10.0635719,ads
0.33833834,10.07832771,ads
0.33933934,10.09312681,ads
0.34034034,10.1079694,ads
0.34134134,10.12285567,ads
0.34234234,10.1377858,ads
0.34334334,10.15276001,ads
0.34434435,10.16777847,ads
0.34534535,10.18284139,ads
0.34634635,10.19794897,ads
0.34734735,10.2131014,ads
0.34834835,10.22829889,ads
0.34934935,10.24354163,ads
0.35035035,10.25882984,ads
0.35135135,10.27416371,ads
0.35235235,10.28954344,ads
0.35335335,10.30496926,ads
0.35435436,10.32044136,ads
0.35535536,10.33595995,ads
0.35635636,10.35152524,ads
0.35735736,10.36713744,ads
0.35835836,10.38279678,ads
0.35935936,10.39850345,ads
0.36036036,10.41425768,ads
0.36136136,10.43005968,ads
0.36236236,10.44590968,ads
0.36336336,10.46180788,ads
0.36436436,10.47775451,ads
0.36536537,10.4937498,ads
0.36636637,10.50979396,ads
0.36736737,10.52588722,ads
0.36836837,10.54202981,ads
0.36936937,10.55822195,ads
0.37037037,10.57446387,ads
0.37137137,10.59075581,ads
0.37237237,10.60709799,ads
0.37337337,10.62349065,ads
0.37437438,10.63993402,ads
0.37537538,10.65642834,ads
0.37637638,10.67297384,ads
0.37737738,10.68957077,ads
0.37837838,10.70621936,ads
0.37937938,10.72291986,ads
0.38038038,10.73967251,ads
0.38138138,10.75647756,ads
0.38238238,10.77333524,ads
0.38338338,10.79024582,ads
0.38438439,10.80720953,ads
0.38538539,10.82422664,ads
0.38638639,10.84129738,ads
0.38738739,10.85842203,ads
0.38838839,10.87560082,ads
0.38938939,10.89283403,ads
0.39039039,10.9101219,ads
0.39139139,10.92746471,ads
0.39239239,10.94486271,ads
0.39339339,10.96231617,ads
0.3943944,10.97982535,ads
0.3953954,10.99739052,ads
0.3963964,11.01501194,ads
0.3973974,11.0326899,ads
0.3983984,11.05042467,ads
0.3993994,11.06821651,ads
0.4004004,11.0860657,ads
0.4014014,11.10397253,ads
0.4024024,11.12193726,ads
0.4034034,11.13996019,ads
0.40440441,11.1580416,ads
0.40540541,11.17618177,ads
0.40640641,11.19438099,ads
0.40740741,11.21263955,ads
0.40840841,11.23095773,ads
0.40940941,11.24933584,ads
0.41041041,11.26777417,ads
0.41141141,11.286273,ads
0.41241241,11.30483265,ads
0.41341341,11.32345341,ads
0.41441442,11.34213559,ads
0.41541542,11.36087949,ads
0.41641642,11.37968541,ads
0.41741742,11.39855367,ads
0.41841842,11.41748457,ads
0.41941942,11.43647843,ads
0.42042042,11.45553556,ads
0.42142142,11.47465628,ads
0.42242242,11.49384091,ads
0.42342342,11.51308977,ads
0.42442443,11.53240319,ads
0.42542543,11.55178148,ads
0.42642643,11.57122498,ads
0.42742743,11.59073402,ads
0.42842843,11.61030892,ads
0.42942943,11.62995002,ads
0.43043043,11.64965767,ads
0.43143143,11.66943219,ads
0.43243243,11.68927393,ads
0.43343343,11.70918324,ads
0.43443444,11.72916045,ads
0.43543544,11.74920592,ads
0.43643644,11.76932,ads
0.43743744,11.78950304,ads
0.43843844,11.80975539,ads
0.43943944,11.83007742,ads
0.44044044,11.85046948,ads
0.44144144,11.87093194,ads
0.44244244,11.89146516,ads
0.44344344,11.91206952,ads
0.44444445,11.93274537,ads
0.44544545,11.95349309,ads
0.44644645,11.97431307,ads
0.44744745,11.99520567,ads
0.44844845,12.01617128,ads
0.44944945,12.03721028,ads
0.45045045,12.05832306,ads
0.45145145,12.07951001,ads
0.45245245,12.10077152,ads
0.45345345,12.12210797,ads
0.45445446,12.14351978,ads
0.45545546,12.16500734,ads
0.45645646,12.18657105,ads
0.45745746,12.20821133,ads
0.45845846,12.22992856,ads
0.45945946,12.25172318,ads
0.46046046,12.27359559,ads
0.46146146,12.29554621,ads
0.46246246,12.31757547,ads
0.46346346,12.33968377,ads
0.46446447,12.36187156,ads
0.46546547,12.38413926,ads
0.46646647,12.4064873,ads
0.46746747,12.42891613,ads
0.46846847,12.45142616,ads
0.46946947,12.47401786,ads
0.47047047,12.49669167,ads
0.47147147,12.51944803,ads
0.47247247,12.54228739,ads
0.47347347,12.56521022,ads
0.47447448,12.58821696,ads
0.47547548,12.61130809,ads
0.47647648,12.63448406,ads
0.47747748,12.65774535,ads
0.47847848,12.68109242,ads
0.47947948,12.70452576,ads
0.48048048,12.72804584,ads
0.48148148,12.75165315,ads
0.48248248,12.77534816,ads
0.48348348,12.79913138,ads
0.48448449,12.82300329,ads
0.48548549,12.84696439,ads
0.48648649,12.87101518,ads
0.48748749,12.89515617,ads
0.48848849,12.91938787,ads
0.48948949,12.94371079,ads
0.49049049,12.96812543,ads
0.49149149,12.99263234,ads
0.49249249,13.01723202,ads
0.49349349,13.04192501,ads
0.4944945,13.06671183,ads
0.4954955,13.09159303,ads
0.4964965,13.11656915,ads
0.4974975,13.14164072,ads
0.4984985,13.1668083,ads
0.4994995,13.19207244,ads
0.5005005,13.21743369,ads
0.5015015,13.24289263,ads
0.5025025,13.26844981,ads
0.5035035,13.2941058,ads
0.5045045,13.31986118,ads
0.50550551,13.34571652,ads
0.50650651,13.37167242,ads
0.50750751,13.39772945,ads
0.50850851,13.42388821,ads
0.50950951,13.4501493,ads
0.51051051,13.47651332,ads
0.51151151,13.50298087,ads
0.51251251,13.52955257,ads
0.51351351,13.55622903,ads
0.51451452,13.58301088,ads
0.51551552,13.60989873,ads
0.51651652,13.63689323,ads
0.51751752,13.663995,ads
0.51851852,13.69120468,ads
0.51951952,13.71852293,ads
0.52052052,13.74595039,ads
0.52152152,13.77348773,ads
0.52252252,13.80113559,ads
0.52352352,13.82889465,ads
0.52452452,13.85676559,ads
0.52552553,13.88474907,ads
0.52652653,13.91284578,ads
0.52752753,13.94105642,ads
0.52852853,13.96938167,ads
0.52952953,13.99782223,ads
0.53053053,14.02637882,ads
0.53153153,14.05505214,ads
0.53253253,14.08384291,ads
0.53353353,14.11275185,ads
0.53453454,14.14177969,ads
0.53553554,14.17092718,ads
0.53653654,14.20019504,ads
0.53753754,14.22958402,ads
0.53853854,14.25909489,ads
0.53953954,14.28872839,ads
0.54054054,14.3184853,ads
0.54154154,14.34836639,ads
0.54254254,14.37837244,ads
0.54354354,14.40850423,ads
0.54454455,14.43876255,ads
0.54554555,14.46914821,ads
0.54654655,14.49966201,ads
0.54754755,14.53030476,ads
0.54854855,14.56107728,ads
0.54954955,14.5919804,ads
0.55055055,14.62301495,ads
0.55155155,14.65418177,ads
0.55255255,14.68548171,ads
0.55355355,14.71691562,ads
0.55455456,14.74848437,ads
0.55555556,14.78018882,ads
0.55655656,14.81202985,ads
0.55755756,14.84400835,ads
0.55855856,14.87612522,ads
0.55955956,14.90838133,ads
0.56056056,14.94077762,ads
0.56156156,14.97331499,ads
0.56256256,15.00599436,ads
0.56356356,15.03881668,ads
0.56456456,15.07178287,ads
0.56556557,15.10489388,ads
0.56656657,15.13815068,ads
0.56756757,15.17155423,ads
0.56856857,15.2051055,ads
0.56956957,15.23880547,ads
0.57057057,15.27265514,ads
0.57157157,15.3066555,ads
0.57257257,15.34080756,ads
0.57357357,15.37511234,ads
0.57457458,15.40957088,ads
0.57557558,15.44418419,ads
0.57657658,15.47895333,ads
0.57757758,15.51387936,ads
0.57857858,15.54896333,ads
0.57957958,15.58420633,ads
0.58058058,15.61960943,ads
0.58158158,15.65517373,ads
0.58258258,15.69090033,ads
0.58358358,15.72679035,ads
0.58458458,15.76284491,ads
0.58558559,15.79906515,ads
0.58658659,15.8354522,ads
0.58758759,15.87200723,ads
0.58858859,15.9087314,ads
0.58958959,15.94562588,ads
0.59059059,15.98269187,ads
0.59159159,16.01993056,ads
0.59259259,16.05734317,ads
0.59359359,16.09493091,ads
0.5945946,16.13269502,ads
0.5955956,16.17063674,ads
0.5965966,16.20875733,ads
0.5975976,16.24705805,ads
0.5985986,16.28554019,ads
0.5995996,16.32420504,ads
0.6006006,16.3630539,ads
0.6016016,16.40208808,ads
0.6026026,16.44130893,ads
0.6036036,16.48071778,ads
0.6046046,16.52031598,ads
0.60560561,16.56010491,ads
0.60660661,16.60008594,ads
0.60760761,16.64026047,ads
0.60860861,16.68062991,ads
0.60960961,16.72119568,ads
0.61061061,16.76195922,ads
0.61161161,16.80292197,ads
0.61261261,16.84408541,ads
0.61361361,16.885451,ads
0.61461462,16.92702024,ads
0.61561562,16.96879464,ads
0.61661662,17.01077572,ads
0.61761762,17.05296502,ads
0.61861862,17.0953641,ads
0.61961962,17.13797451,ads
0.62062062,17.18079786,ads
0.62162162,17.22383572,ads
0.62262262,17.26708973,ads
0.62362362,17.31056151,ads
0.62462463,17.35425272,ads
0.62562563,17.39816501,ads
0.62662663,17.44230007,ads
0.62762763,17.48665961,ads
0.62862863,17.53124533,ads
0.62962963,17.57605897,ads
0.63063063,17.62110229,ads
0.63163163,17.66637705,ads
0.63263263,17.71188505,ads
0.63363363,17.75762808,ads
0.63463464,17.80360799,ads
0.63563564,17.8498266,ads
0.63663664,17.89628578,ads
0.63763764,17.94298743,ads
0.63863864,17.98993343,ads
0.63963964,18.03712572,ads
0.64064064,18.08456623,ads
0.64164164,18.13225694,ads
0.64264264,18.18019982,ads
0.64364364,18.22839688,ads
0.64464464,18.27685015,ads
0.64564565,18.32556168,ads
0.64664665,18.37453353,ads
0.64764765,18.4237678,ads
0.64864865,18.4732666,ads
0.64964965,18.52303208,ads
0.65065065,18.57306639,ads
0.65165165,18.62337171,ads
0.65265265,18.67395026,ads
0.65365365,18.72480427,ads
0.65465466,18.77593599,ads
0.65565566,18.82734771,ads
0.65665666,18.87904173,ads
0.65765766,18.93102038,ads
0.65865866,18.98328602,ads
0.65965966,19.03584103,ads
0.66066066,19.08868783,ads
0.66166166,19.14182885,ads
0.66266266,19.19526656,ads
0.66366366,19.24900344,ads
0.66466466,19.30304201,ads
0.66566567,19.35738483,ads
0.66666667,19.41203448,ads
0.66766767,19.46699354,ads
0.66866867,19.52226467,ads
0.66966967,19.57785053,ads
0.67067067,19.63375381,ads
0.67167167,19.68997724,ads
0.67267267,19.74652358,ads
0.67367367,19.80339562,ads
0.67467468,19.86059617,ads
0.67567568,19.91812811,ads
0.67667668,19.97599431,ads
0.67767768,20.03419769,ads
0.67867868,20.09274121,ads
0.67967968,20.15162787,ads
0.68068068,20.21086068,ads
0.68168168,20.27044271,ads
0.68268268,20.33037706,ads
0.68368368,20.39066686,ads
0.68468468,20.45131528,ads
0.68568569,20.51232553,ads
0.68668669,20.57370086,ads
0.68768769,20.63544456,ads
0.68868869,20.69755995,ads
0.68968969,20.7600504,ads
0.69069069,20.82291932,ads
0.69169169,20.88617015,ads
0.69269269,20.94980639,ads
0.69369369,21.01383156,ads
0.6946947,21.07824926,ads
0.6956957,21.14306309,ads
0.6966967,21.20827672,ads
0.6976977,21.27389387,ads
0.6986987,21.33991828,ads
0.6996997,21.40635377,ads
0.7007007,21.47320419,ads
0.7017017,21.54047342,ads
0.7027027,21.60816544,ads
0.7037037,21.67628422,ads
0.7047047,21.74483382,ads
0.70570571,21.81381834,ads
0.70670671,21.88324194,ads
0.70770771,21.95310881,ads
0.70870871,22.02342322,ads
0.70970971,22.09418948,ads
0.71071071,22.16541196,ads
0.71171171,22.23709509,ads
0.71271271,22.30924334,ads
0.71371371,22.38186127,ads
0.71471472,22.45495347,ads
0.71571572,22.52852461,ads
0.71671672,22.60257941,ads
0.71771772,22.67712265,ads
0.71871872,22.75215918,ads
0.71971972,22.82769391,ads
0.72072072,22.90373183,ads
0.72172172,22.98027798,ads
0.72272272,23.05733746,ads
0.72372372,23.13491547,ads
0.72472472,23.21301725,ads
0.72572573,23.29164813,ads
0.72672673,23.3708135,ads
0.72772773,23.45051882,ads
0.72872873,23.53076965,ads
0.72972973,23.6115716,ads
0.73073073,23.69293037,ads
0.73173173,23.77485173,ads
0.73273273,23.85734154,ads
0.73373373,23.94040574,ads
0.73473474,24.02405035,ads
0.73573574,24.10828147,ads
0.73673674,24.1931053,ads
0.73773774,24.2785281,ads
0.73873874,24.36455626,ads
0.73973974,24.45119622,ads
0.74074074,24.53845453,ads
0.74174174,24.62633785,ads
0.74274274,24.7148529,ads
0.74374374,24.80400653,ads
0.74474474,24.89380567,ads
0.74574575,24.98425736,ads
0.74674675,25.07536874,ads
0.74774775,25.16714704,ads
0.74874875,25.25959962,ads
0.74974975,25.35273394,ads
0.75075075,25.44655757,ads
0.75175175,25.54107818,ads
0.75275275,25.63630357,ads
0.75375375,25.73224166,ads
0.75475476,25.82890048,ads
0.75575576,25.92628818,ads
0.75675676,26.02441302,ads
0.75775776,26.12328343,ads
0.75875876,26.22290792,ads
0.75975976,26.32329515,ads
0.76076076,26.42445393,ads
0.76176176,26.52639317,ads
0.76276276,26.62912195,ads
0.76376376,26.73264947,ads
0.76476476,26.83698508,ads
0.76576577,26.94213829,ads
0.76676677,27.04811875,ads
0.76776777,27.15493624,ads
0.76876877,27.26260074,ads
0.76976977,27.37112235,ads
0.77077077,27.48051135,ads
0.77177177,27.59077818,ads
0.77277277,27.70193345,ads
0.77377377,27.81398794,ads
0.77477478,27.92695261,ads
0.77577578,28.04083859,ads
0.77677678,28.1556572,ads
0.77777778,28.27141994,ads
0.77877878,28.38813851,ads
0.77977978,28.5058248,ads
0.78078078,28.62449088,ads
0.78178178,28.74414905,ads
0.78278278,28.8648118,ads
0.78378378,28.98649183,ads
0.78478478,29.10920206,ads
0.78578579,29.23295564,ads
0.78678679,29.35776592,ads
0.78778779,29.48364651,ads
0.78878879,29.61061121,ads
0.78978979,29.73867411,ads
0.79079079,29.86784951,ads
0.79179179,29.99815197,ads
0.79279279,30.1295963,ads
0.79379379,30.26219759,ads
0.7947948,30.39597117,ads
0.7957958,30.53093267,ads
0.7967968,30.66709796,ads
0.7977978,30.80448324,ads
0.7987988,30.94310497,ads
0.7997998,31.08297993,ads
0.8008008,31.22412517,ads
0.8018018,31.36655809,ads
0.8028028,31.51029638,ads
0.8038038,31.65535808,ads
0.8048048,31.80176155,ads
0.80580581,31.94952548,ads
0.80680681,32.09866894,ads
0.80780781,32.24921133,ads
0.80880881,32.40117243,ads
0.80980981,32.55457238,ads
0.81081081,32.70943172,ads
0.81181181,32.86577138,ads
0.81281281,33.02361268,ads
0.81381381,33.18297736,ads
0.81481482,33.34388759,ads
0.81581582,33.50636596,ads
0.81681682,33.67043549,ads
0.81781782,33.83611969,ads
0.81881882,34.00344251,ads
0.81981982,34.17242836,ads
0.82082082,34.34310219,ads
0.82182182,34.51548939,ads
0.82282282,34.6896159,ads
0.82382382,34.86550818,ads
0.82482482,35.04319323,ads
0.82582583,35.22269859,ads
0.82682683,35.40405239,ads
0.82782783,35.58728331,ads
0.82882883,35.77242066,ads
0.82982983,35.95949435,ads
0.83083083,36.1485349,ads
0.83183183,36.33957352,ads
0.83283283,36.53264203,ads
0.83383383,36.72777297,ads
0.83483484,36.92499957,ads
0.83583584,37.12435576,ads
0.83683684,37.32587623,ads
0.83783784,37.52959641,ads
0.83883884,37.73555251,ads
0.83983984,37.94378156,ads
0.84084084,38.15432138,ads
0.84184184,38.36721066,ads
0.84284284,38.58248894,ads
0.84384384,38.80019666,ads
0.84484484,39.02037519,ads
0.84584585,39.24306682,ads
0.84684685,39.46831482,ads
0.84784785,39.69616348,ads
0.84884885,39.92665809,ads
0.84984985,40.15984502,ads
0.85085085,40.3957717,ads
0.85185185,40.63448672,ads
0.85285285,40.87603979,ads
0.85385385,41.12048183,ads
0.85485486,41.36786499,ads
0.85585586,41.61824266,ads
0.85685686,41.87166955,ads
0.85785786,42.12820169,ads
0.85885886,42.38789653,ads
0.85985986,42.6508129,ads
0.86086086,42.91701112,ads
0.86186186,43.18655304,ads
0.86286286,43.45950204,ads
0.86386386,43.73592315,ads
0.86486486,44.01588303,ads
0.86586587,44.29945008,ads
0.86686687,44.58669446,ads
0.86786787,44.87768818,ads
0.86886887,45.17250513,ads
0.86986987,45.47122115,ads
0.87087087,45.77391411,ads
0.87187187,46.08066396,ads
0.87287287,46.3915528,ads
0.87387387,46.70666499,ads
0.87487488,47.02608717,ads
0.87587588,47.34990838,ads
0.87687688,47.67822011,ads
0.87787788,48.01111643,ads
0.87887888,48.34869405,ads
0.87987988,48.6910524,ads
0.88088088,49.03829377,ads
0.88188188,49.39052337,ads
0.88288288,49.74784948,ads
0.88388388,50.11038352,ads
0.88488488,50.47824016,ads
0.88588589,50.85153751,ads
0.88688689,51.23039715,ads
0.88788789,51.61494436,ads
0.88888889,52.00530816,ads
0.88988989,52.40162154,ads
0.89089089,52.80402157,ads
0.89189189,53.21264953,ads
0.89289289,53.62765116,ads
0.89389389,54.04917673,ads
0.8948949,54.47738132,ads
0.8958959,54.91242492,ads
0.8968969,55.3544727,ads
0.8978979,55.80369519,ads
0.8988989,56.26026848,ads
0.8998999,56.72437449,ads
0.9009009,57.19620119,ads
0.9019019,57.67594286,ads
0.9029029,58.16380034,ads
0.9039039,58.65998132,ads
0.9049049,59.16470067,ads
0.90590591,59.67818068,ads
0.90690691,60.20065145,ads
0.90790791,60.7323512,ads
0.90890891,61.27352664,ads
0.90990991,61.82443335,ads
0.91091091,62.3853362,ads
0.91191191,62.95650975,ads
0.91291291,63.53823869,ads
0.91391391,64.13081836,ads
0.91491492,64.73455521,ads
0.91591592,65.34976734,ads
0.91691692,65.97678505,ads
0.91791792,66.61595144,ads
0.91891892,67.26762306,ads
0.91991992,67.93217052,ads
0.92092092,68.60997923,ads
0.92192192,69.30145015,ads
0.92292292,70.00700055,ads
0.92392392,70.72706487,ads
0.92492492,71.46209563,ads
0.92592593,72.21256433,ads
0.92692693,72.97896251,ads
0.92792793,73.76180278,ads
0.92892893,74.56162,ads
0.92992993,75.37897248,ads
0.93093093,76.21444326,ads
0.93193193,77.06864156,ads
0.93293293,77.94220419,ads
0.93393393,78.83579717,ads
0.93493494,79.75011742,ads
0.93593594,80.68589457,ads
0.93693694,81.64389289,ads
0.93793794,82.62491342,ads
0.93893894,83.62979612,ads
0.93993994,84.65942234,ads
0.94094094,85.71471739,ads
0.94194194,86.79665326,ads
0.94294294,87.90625168,ads
0.94394394,89.04458729,ads
0.94494494,90.2127911,ads
0.94594595,91.41205431,ads
0.94694695,92.64363226,ads
0.94794795,93.90884892,ads
0.94894895,95.20910154,ads
0.94994995,96.54586587,ads
0.95095095,97.9207017,ads
0.95195195,99.33525897,ads
0.95295295,100.79128434,ads
0.95395395,102.29062841,ads
0.95495496,103.83525356,ads
0.95595596,105.4272425,ads
0.95695696,107.06880769,ads
0.95795796,108.76230152,ads
0.95895896,110.51022765,ads
0.95995996,112.31525328,ads
0.96096096,114.18022277,ads
0.96196196,116.1081726,ads
0.96296296,118.10234784,ads
0.96396396,120.16622041,ads
0.96496496,122.30350923,ads
0.96596597,124.51820259,ads
0.96696697,126.81458298,ads
0.96796797,129.19725476,ads
0.96896897,131.67117493,ads
0.96996997,134.2416876,ads
0.97097097,136.91456247,ads
0.97197197,139.69603812,ads
0.97297297,142.5928706,ads
0.97397397,145.6123882,ads
0.97497498,148.76255338,ads
0.97597598,152.05203286,ads
0.97697698,155.49027727,ads
0.97797798,159.0876118,ads
0.97897898,162.85533979,ads
0.97997998,166.80586134,ads
0.98098098,170.95280968,ads
0.98198198,175.31120834,ads
0.98298298,179.89765299,ads
0.98398398,184.73052265,ads
0.98498498,189.83022584,ads
0.98598599,195.21948866,ads
0.98698699,200.92369337,ads
0.98798799,206.97127813,ads
0.98898899,213.39421121,ads
0.98998999,220.22855621,ads
0.99099099,227.51514961,ads
0.99199199,235.30041736,ads
0.99299299,243.6373651,ads
0.99399399,252.58678657,ads
0.994995,262.21874856,ads
0.995996,272.61442905,ads
0.996997,283.86841066,ads
0.997998,296.09156661,ads
0.998999,309.41472585,ads
1.0,323.99337426,ads
