,0.35,0.37,0.39,0.41,0.43,0.45,0.47,0.49,0.51,0.53,0.55,0.57,0.59,0.61,0.63,0.65,0.67,0.69,0.71,0.73,0.75,0.77,0.79,0.81,0.83,0.85,0.87,0.89,0.91,0.93,0.95,0.97,0.99,1.01
1.28179e-08, 0.000204317, 0.000189422, 0.00014639, 0.000102753, 6.92444e-05, 4.64051e-05, 3.16142e-05, 2.21545e-05, 1.60609e-05, 1.20634e-05, 9.37645e-06, 7.52134e-06, 6.20541e-06, 5.24668e-06, 4.5301e-06, 3.98195e-06, 3.60312e-06, 3.32359e-06, 3.11275e-06, 2.94844e-06, 2.80979e-06, 2.70405e-06, 2.61055e-06, 2.53148e-06, 2.46398e-06, 2.4134e-06, 2.36397e-06, 2.32069e-06, 2.28254e-06, 2.24871e-06, 2.22502e-06, 2.19821e-06, 2.17402e-06, 2.15212e-06
2.47981e-08, 0.000387915, 0.000360267, 0.000278583, 0.000195517, 0.000131588, 8.79895e-05, 5.96793e-05, 4.1594e-05, 2.99512e-05, 2.23329e-05, 1.7221e-05, 1.36935e-05, 1.11962e-05, 9.38159e-06, 8.02831e-06, 6.99873e-06, 6.19314e-06, 5.55268e-06, 5.05336e-06, 4.68192e-06, 4.38413e-06, 4.14211e-06, 3.94356e-06, 3.77069e-06, 3.62253e-06, 3.50021e-06, 3.38972e-06, 3.29248e-06, 3.20633e-06, 3.13054e-06, 3.06605e-06, 3.00447e-06, 2.94859e-06, 2.89868e-06
4.65802e-08, 0.00072796, 0.000675456, 0.000522379, 0.000366265, 0.000246351, 0.000164489, 0.000111376, 7.74446e-05, 5.55885e-05, 4.12598e-05, 3.16586e-05, 2.50409e-05, 2.03673e-05, 1.69762e-05, 1.44637e-05, 1.25486e-05, 1.10587e-05, 9.8815e-06, 8.92995e-06, 8.14837e-06, 7.49741e-06, 6.96949e-06, 6.55563e-06, 6.20369e-06, 5.89875e-06, 5.64142e-06, 5.41273e-06, 5.21649e-06, 5.03896e-06, 4.88209e-06, 4.73796e-06, 4.61497e-06, 4.49844e-06, 4.39207e-06
8.49502e-08, 0.00132911, 0.00123254, 0.000951832, 0.000667149, 0.000448498, 0.000299236, 0.000202403, 0.000140551, 0.000100718, 7.46303e-05, 5.71376e-05, 4.50982e-05, 3.659e-05, 3.04207e-05, 2.58314e-05, 2.23494e-05, 1.96435e-05, 1.75043e-05, 1.57871e-05, 1.43809e-05, 1.32185e-05, 1.22381e-05, 1.1401e-05, 1.06817e-05, 1.00603e-05, 9.54898e-06, 9.10439e-06, 8.71477e-06, 8.37384e-06, 8.07039e-06, 7.79291e-06, 7.54232e-06, 7.31794e-06, 7.11292e-06
1.50632e-07, 0.00235614, 0.00218662, 0.00168833, 0.00118265, 0.000794537, 0.000529896, 0.000358222, 0.000248575, 0.000177969, 0.000131735, 0.000100739, 7.94114e-05, 6.43438e-05, 5.3422e-05, 4.5311e-05, 3.91415e-05, 3.43657e-05, 3.0592e-05, 2.75527e-05, 2.50766e-05, 2.30215e-05, 2.13021e-05, 1.9839e-05, 1.85843e-05, 1.75014e-05, 1.65462e-05, 1.57046e-05, 1.4954e-05, 1.42864e-05, 1.36932e-05, 1.31858e-05, 1.27209e-05, 1.22975e-05, 1.19156e-05
2.50609e-07, 0.00391925, 0.00363874, 0.00281034, 0.00196899, 0.00132121, 0.000880956, 0.000595554, 0.000412983, 0.000295542, 0.000218705, 0.000167142, 0.000131668, 0.000106584, 8.84294e-05, 7.495e-05, 6.47142e-05, 5.67669e-05, 5.05007e-05, 4.54553e-05, 4.13465e-05, 3.79373e-05, 3.50866e-05, 3.26617e-05, 3.0583e-05, 2.87898e-05, 2.72184e-05, 2.58352e-05, 2.46135e-05, 2.35184e-05, 2.25349e-05, 2.16382e-05, 2.08231e-05, 2.00785e-05, 1.93954e-05
4.84838e-07, 0.00758489, 0.00703919, 0.00543821, 0.00380968, 0.00255838, 0.00170442, 0.0011516, 0.000798319, 0.000571104, 0.00042234, 0.000322624, 0.000254027, 0.000205577, 0.000170471, 0.000144409, 0.000124594, 0.000109263, 9.71338e-05, 8.74088e-05, 7.94565e-05, 7.28914e-05, 6.73746e-05, 6.27095e-05, 5.86996e-05, 5.52302e-05, 5.22121e-05, 4.95466e-05, 4.71839e-05, 4.50841e-05, 4.31901e-05, 4.14793e-05, 3.99261e-05, 3.85164e-05, 3.72175e-05
9.10709e-07, 0.0142522, 0.0132266, 0.0102175, 0.00715687, 0.00480566, 0.00320304, 0.00216381, 0.00149976, 0.00107238, 0.00079286, 0.000605353, 0.000476638, 0.000385539, 0.000319615, 0.000270681, 0.000233478, 0.000204698, 0.00018197, 0.000163678, 0.000148786, 0.000136436, 0.000126085, 0.000117335, 0.000109814, 0.000103329, 9.76492e-05, 9.26521e-05, 8.82407e-05, 8.42881e-05, 8.0739e-05, 7.75341e-05, 7.46392e-05, 7.19849e-05, 6.95525e-05
1.6609e-06, 0.0260118, 0.0241489, 0.018645, 0.0130576, 0.00876638, 0.00584219, 0.00394622, 0.00273486, 0.00195633, 0.00144621, 0.00110406, 0.000868965, 0.000702769, 0.000582512, 0.000493138, 0.000425397, 0.000372822, 0.000331384, 0.000298033, 0.000270886, 0.000248372, 0.000229554, 0.000213557, 0.000199857, 0.00018804, 0.00017769, 0.000168586, 0.00016055, 0.000153349, 0.000146884, 0.000141047, 0.000135775, 0.000130941, 0.000126512
2.94506e-06, 0.046205, 0.0428777, 0.0330964, 0.0231712, 0.0155524, 0.0103626, 0.00699863, 0.00485104, 0.00346888, 0.00256414, 0.00195782, 0.00154043, 0.00124601, 0.00103271, 0.000874194, 0.000754054, 0.000660956, 0.000587324, 0.000528295, 0.000480042, 0.00044012, 0.000406753, 0.000378388, 0.000354087, 0.000333067, 0.000314786, 0.000298646, 0.000284343, 0.000271581, 0.000260175, 0.000249828, 0.000240438, 0.000231872, 0.000224024
5.07769e-06, 0.0798499, 0.074096, 0.0571886, 0.0400176, 0.0268398, 0.0178781, 0.0120719, 0.00836632, 0.00598189, 0.00442134, 0.00337563, 0.0026558, 0.00214809, 0.00178028, 0.00150694, 0.00129979, 0.00113927, 0.00101231, 0.000910342, 0.000827338, 0.00075851, 0.000700983, 0.000652082, 0.000610188, 0.000574065, 0.000542437, 0.000514614, 0.000490053, 0.000468051, 0.0004483, 0.000430466, 0.000414358, 0.000399591, 0.000386062
8.55017e-06, 0.135012, 0.125271, 0.0965841, 0.0675302, 0.045276, 0.030135, 0.0203472, 0.0140944, 0.0100759, 0.00744653, 0.00568485, 0.00447337, 0.00361715, 0.00299766, 0.00253789, 0.00218845, 0.00191813, 0.00170432, 0.00153293, 0.00139284, 0.0012772, 0.00118007, 0.00109773, 0.00102739, 0.00096636, 0.000913103, 0.000866256, 0.000824905, 0.00078786, 0.000754605, 0.000724579, 0.000697461, 0.0006726, 0.000649823
1.4021e-05, 0.223179, 0.206653, 0.159206, 0.111133, 0.074432, 0.049503, 0.0334076, 0.0231333, 0.0165339, 0.0122173, 0.00932589, 0.00733615, 0.00593298, 0.00491663, 0.00416237, 0.00358912, 0.0031457, 0.00279499, 0.00251388, 0.00228408, 0.00209398, 0.00193509, 0.00180003, 0.00168433, 0.00158457, 0.00149722, 0.00142039, 0.00135257, 0.00129182, 0.00123728, 0.00118804, 0.00114357, 0.0011028, 0.00106545
2.25056e-05, 0.361771, 0.335489, 0.257545, 0.179412, 0.119963, 0.0796904, 0.053722, 0.0371807, 0.0265645, 0.0196245, 0.0149776, 0.0117834, 0.00952877, 0.00789407, 0.00668272, 0.00576212, 0.00505007, 0.00448693, 0.00403555, 0.00366656, 0.00336201, 0.0031062, 0.00288935, 0.00270413, 0.00254342, 0.00240319, 0.00228028, 0.00217096, 0.00207343, 0.00198588, 0.0019072, 0.00183545, 0.00177, 0.00171005
3.5296e-05, 0.576096, 0.534091, 0.409254, 0.283925, 0.189245, 0.12549, 0.0844953, 0.0584324, 0.0417262, 0.0308141, 0.0235118, 0.0184944, 0.0149538, 0.0123872, 0.0104856, 0.00904062, 0.00792309, 0.0070393, 0.00633095, 0.00575191, 0.00527401, 0.00487258, 0.0045323, 0.00424167, 0.0039895, 0.00376947, 0.00357664, 0.00340512, 0.0032521, 0.00311475, 0.00299132, 0.00287876, 0.00277609, 0.00268204
5.41998e-05, 0.905215, 0.838785, 0.639818, 0.442163, 0.293406, 0.195084, 0.130337, 0.0900268, 0.0642366, 0.0474123, 0.0361543, 0.0284317, 0.0229844, 0.0190368, 0.0161128, 0.0138943, 0.0121734, 0.0108173, 0.00972621, 0.00883625, 0.00810178, 0.00748483, 0.00696329, 0.00651526, 0.00612775, 0.00578964, 0.00549337, 0.00522983, 0.00499474, 0.00478463, 0.00459411, 0.00442118, 0.00426347, 0.00411899
8.15696e-05, 1.40961, 1.30516, 0.989156, 0.678298, 0.447655, 0.294735, 0.197429, 0.136132, 0.096997, 0.0715374, 0.0545352, 0.04286, 0.0346391, 0.0286907, 0.0242748, 0.0209303, 0.0183361, 0.0162924, 0.0146481, 0.0133098, 0.0122002, 0.0112706, 0.0104848, 0.0098097, 0.00922588, 0.00871826, 0.00827025, 0.00787329, 0.0075192, 0.00720279, 0.00691584, 0.00665543, 0.00641794, 0.00620039
0.000120426, 2.18852, 2.02402, 1.51869, 1.02998, 0.673845, 0.44101, 0.2944, 0.202326, 0.143923, 0.106028, 0.0807479, 0.0634421, 0.0512416, 0.0424306, 0.0359002, 0.0309421, 0.0271096, 0.0240803, 0.021648, 0.0196686, 0.0180274, 0.0166559, 0.0154904, 0.0144922, 0.0136316, 0.0128785, 0.0122161, 0.0116294, 0.0111082, 0.0106384, 0.0102143, 0.00982953, 0.00947862, 0.00915889
0.000174569, 3.41254, 3.14981, 2.32984, 1.55444, 1.00416, 0.651484, 0.432406, 0.296183, 0.210192, 0.154529, 0.117558, 0.0922945, 0.0745219, 0.061655, 0.0521509, 0.0449383, 0.0393656, 0.0349615, 0.0314329, 0.0285494, 0.0261643, 0.0241713, 0.0224778, 0.0210274, 0.0197774, 0.0186834, 0.0177215, 0.0168727, 0.0161127, 0.0154307, 0.0148151, 0.0142566, 0.0137499, 0.0132834
0.000248682, 5.36087, 4.94186, 3.59405, 2.34485, 1.48719, 0.952704, 0.627238, 0.427482, 0.302374, 0.221814, 0.168533, 0.132146, 0.106596, 0.0881423, 0.0745247, 0.0641979, 0.056223, 0.0499231, 0.0448673, 0.0407446, 0.0373428, 0.0344863, 0.0320658, 0.0299993, 0.0282074, 0.0266446, 0.0252757, 0.0240589, 0.0229738, 0.0220003, 0.0211217, 0.0203285, 0.0196018, 0.0189361
0.00034842, 8.26083, 7.63343, 5.56724, 3.55486, 2.19993, 1.38458, 0.901085, 0.609657, 0.42917, 0.313958, 0.238004, 0.186352, 0.150167, 0.124107, 0.104874, 0.0903038, 0.079043, 0.0701817, 0.0630459, 0.0572402, 0.0524397, 0.0484287, 0.0450216, 0.0421051, 0.0395843, 0.037394, 0.0354622, 0.0337518, 0.0322332, 0.0308651, 0.0296309, 0.0285114, 0.0274959, 0.0265612
0.000480487, 11.5234, 10.7348, 8.30088, 5.40086, 3.26629, 2.00749, 1.2862, 0.86131, 0.602527, 0.438867, 0.331696, 0.259213, 0.208595, 0.172224, 0.145395, 0.125151, 0.109496, 0.0971665, 0.0872768, 0.0792326, 0.0725671, 0.066986, 0.0622585, 0.058224, 0.0547279, 0.0516811, 0.049004, 0.0466347, 0.0445317, 0.0426378, 0.0409296, 0.0393804, 0.0379687, 0.0366761
0.00065269, 14.2027, 13.3243, 11.0782, 7.9089, 4.8635, 2.9183, 1.83031, 1.20899, 0.838102, 0.60691, 0.456991, 0.356209, 0.286061, 0.23587, 0.198929, 0.171105, 0.149615, 0.132704, 0.119148, 0.108103, 0.098992, 0.0913468, 0.0848736, 0.0793362, 0.0745538, 0.070401, 0.0667418, 0.0635045, 0.060621, 0.058036, 0.0557051, 0.0536018, 0.0516761, 0.0499136
0.000873937, 16.2077, 15.2664, 13.2813, 10.4643, 7.06713, 4.25798, 2.60776, 1.69104, 1.15809, 0.832124, 0.623442, 0.484176, 0.387882, 0.319264, 0.268913, 0.231025, 0.201856, 0.178928, 0.160561, 0.145602, 0.133242, 0.122921, 0.114164, 0.106676, 0.100213, 0.0945864, 0.0896482, 0.0852979, 0.0814098, 0.0779262, 0.0747865, 0.0719416, 0.0693503, 0.0669792
0.00115424, 17.7371, 16.7434, 14.9445, 12.5233, 9.45957, 6.14233, 3.72999, 2.36562, 1.59429, 1.13373, 0.843546, 0.651985, 0.520646, 0.427555, 0.359438, 0.308401, 0.269195, 0.238425, 0.213799, 0.193752, 0.177193, 0.163374, 0.151655, 0.141641, 0.133004, 0.125491, 0.118902, 0.11308, 0.107901, 0.103282, 0.0991042, 0.09532, 0.091875, 0.0887241
0.00150465, 18.9419, 17.9065, 16.2299, 14.0957, 11.4861, 8.36042, 5.32148, 3.32176, 2.19508, 1.53939, 1.13468, 0.871724, 0.693034, 0.567284, 0.47585, 0.407608, 0.355334, 0.314388, 0.281657, 0.25503, 0.233048, 0.214671, 0.199137, 0.185876, 0.174449, 0.164518, 0.155817, 0.148137, 0.14131, 0.135203, 0.129706, 0.124753, 0.120225, 0.116086
0.00193713, 19.9188, 18.8495, 17.2549, 15.3193, 13.0604, 10.3908, 7.33114, 4.67408, 3.03174, 2.08919, 1.5212, 1.15914, 0.916432, 0.74703, 0.624828, 0.533962, 0.464717, 0.410612, 0.367353, 0.332263, 0.303314, 0.279132, 0.258711, 0.241297, 0.22631, 0.213301, 0.201919, 0.191884, 0.182973, 0.175009, 0.167848, 0.161372, 0.155484, 0.150132
0.00246447, 20.7321, 19.6322, 18.0957, 16.2998, 14.2888, 12.0137, 9.34763, 6.46225, 4.20464, 2.84453, 2.03975, 1.53735, 1.20608, 0.97808, 0.814859, 0.694429, 0.603089, 0.531843, 0.475186, 0.429108, 0.391212, 0.359589, 0.332918, 0.310206, 0.290691, 0.273729, 0.258958, 0.245954, 0.234425, 0.224133, 0.214888, 0.206574, 0.198987, 0.192062
0.00310004, 21.4211, 20.2954, 18.8005, 17.1065, 15.2749, 13.2871, 11.0371, 8.42162, 5.79344, 3.89494, 2.74393, 2.03941, 1.58433, 1.2759, 1.05781, 0.89805, 0.777624, 0.68423, 0.610029, 0.550001, 0.500494, 0.459334, 0.424678, 0.395146, 0.369893, 0.348051, 0.329009, 0.312277, 0.297467, 0.284267, 0.272429, 0.261748, 0.252057, 0.24322
0.00385765, 22.0137, 20.8651, 19.4014, 17.7843, 16.0846, 14.3091, 12.3791, 10.1708, 7.66376, 5.33169, 3.71573, 2.71713, 2.08381, 1.66294, 1.36933, 1.15708, 0.998133, 0.875728, 0.778796, 0.70041, 0.636006, 0.582564, 0.537564, 0.499504, 0.466866, 0.438794, 0.414379, 0.392975, 0.374071, 0.357192, 0.34214, 0.328581, 0.316296, 0.305108
0.00475124, 22.529, 21.3609, 19.9212, 18.3639, 16.765, 15.1461, 13.4553, 11.5884, 9.44913, 7.11126, 5.0552, 3.64874, 2.75555, 2.17221, 1.77364, 1.48886, 1.27833, 1.11711, 0.990009, 0.887706, 0.80387, 0.734343, 0.676108, 0.626899, 0.585059, 0.548986, 0.517807, 0.490552, 0.466544, 0.445159, 0.42613, 0.409021, 0.393547, 0.379475
0.00579468, 22.982, 21.7964, 20.3756, 18.8662, 17.347, 15.8486, 14.3352, 12.7281, 10.9401, 8.92015, 6.77062, 4.94037, 3.68005, 2.85811, 2.30685, 1.92012, 1.63766, 1.42367, 1.25621, 1.12175, 1.01198, 0.921467, 0.845977, 0.78246, 0.728557, 0.682401, 0.642664, 0.607946, 0.577568, 0.550688, 0.526647, 0.505169, 0.485784, 0.468189
0.00700139, 23.383, 22.1823, 20.7766, 19.3062, 17.8514, 16.4483, 15.071, 13.6585, 12.1474, 10.4792, 8.60596, 6.63899, 4.97311, 3.80925, 3.02989, 2.49304, 2.10737, 1.81914, 1.5954, 1.41681, 1.2718, 1.15292, 1.05436, 0.97211, 0.902702, 0.843599, 0.792822, 0.748795, 0.710427, 0.676489, 0.646453, 0.619484, 0.595306, 0.573409
0.00838429, 23.7407, 22.5266, 21.133, 19.695, 18.2934, 16.9682, 15.6982, 14.4338, 13.1322, 11.7547, 10.2334, 8.52073, 6.71422, 5.16568, 4.04963, 3.28246, 2.7408, 2.34218, 2.03578, 1.79419, 1.5997, 1.44162, 1.31168, 1.20414, 1.1141, 1.03816, 0.973341, 0.917465, 0.868863, 0.826209, 0.788614, 0.754972, 0.724903, 0.697744
0.0099553, 24.0616, 22.8353, 21.4519, 20.041, 18.6842, 17.4237, 16.2412, 15.0933, 13.9514, 12.797, 11.5763, 10.2205, 8.68521, 7.03858, 5.5534, 4.43472, 3.64014, 3.0637, 2.62812, 2.28917, 2.02107, 1.8065, 1.63243, 1.49008, 1.37218, 1.2737, 1.19034, 1.11921, 1.05774, 1.00409, 0.956875, 0.915115, 0.877632, 0.844024
0.0117251, 24.3508, 23.1137, 21.7386, 20.3508, 19.0323, 17.8265, 16.7168, 15.6631, 14.6462, 13.662, 12.6759, 11.6303, 10.4677, 9.16565, 7.7017, 6.24128, 5.03712, 4.14048, 3.47392, 2.96908, 2.58128, 2.27833, 2.0386, 1.84609, 1.68946, 1.5606, 1.45251, 1.36115, 1.28305, 1.21539, 1.156, 1.10393, 1.0574, 1.01568
0.0137033, 24.6126, 23.3656, 21.9975, 20.6299, 19.3443, 18.1856, 17.1373, 16.162, 15.2459, 14.3949, 13.5868, 12.7814, 11.9403, 11.0463, 10.0692, 8.9111, 7.49311, 6.02141, 4.83883, 3.98536, 3.3692, 2.9137, 2.56732, 2.29872, 2.0853, 1.913, 1.77102, 1.65282, 1.5526, 1.46654, 1.39181, 1.32648, 1.26866, 1.21704
0.0158975, 24.8505, 23.5944, 22.2324, 20.882, 19.6253, 18.5076, 17.5125, 16.6029, 15.7707, 15.0272, 14.3584, 13.7325, 13.1351, 12.5768, 12.0477, 11.5385, 10.9546, 9.89246, 7.82338, 5.83806, 4.61689, 3.83261, 3.28935, 2.89155, 2.58951, 2.35298, 2.16279, 2.00684, 1.87678, 1.76641, 1.67176, 1.58969, 1.5173, 1.45329
0.0183138, 25.0671, 23.803, 22.446, 21.111, 19.8798, 18.7981, 17.8489, 16.996, 16.2347, 15.5802, 15.0234, 14.5374, 14.1207, 13.8031, 13.609, 13.5507, 13.5875, 13.4645, 12.7733, 10.7826, 7.32362, 5.38571, 4.36355, 3.71226, 3.25501, 2.91505, 2.65219, 2.44198, 2.27004, 2.12706, 2.00567, 1.90146, 1.81064, 1.73091
0.0209564, 25.2651, 23.9935, 22.641, 21.3194, 20.1109, 19.0614, 18.1527, 17.3491, 16.6483, 16.0696, 15.6062, 15.232, 14.9531, 14.813, 14.8427, 15.0656, 15.4312, 15.6618, 15.3764, 14.3903, 12.5694, 9.17076, 6.29449, 4.96483, 4.18713, 3.66227, 3.2798, 2.98679, 2.75457, 2.56506, 2.40719, 2.27344, 2.15814, 2.05782
0.0238276, 25.4464, 24.1679, 22.8193, 21.5098, 20.3215, 19.3008, 18.4283, 17.6676, 17.0197, 16.5064, 16.1214, 15.8391, 15.6714, 15.6655, 15.8544, 16.2549, 16.7853, 17.1427, 17.0119, 16.2851, 15.0429, 13.2208, 10.3831, 7.27385, 5.63226, 4.71672, 4.11759, 3.68769, 3.36163, 3.10423, 2.89498, 2.72034, 2.57267, 2.44524
0.0269275, 25.6128, 24.3279, 22.9827, 21.6841, 20.5141, 19.5194, 18.6789, 17.9568, 17.3556, 16.899, 16.582, 16.3775, 16.3006, 16.4016, 16.7113, 17.2301, 17.8534, 18.258, 18.1738, 17.574, 16.5221, 15.1757, 13.3818, 10.9413, 8.16331, 6.34363, 5.30072, 4.62423, 4.14378, 3.78113, 3.49564, 3.26377, 3.07072, 2.90732
0.0302545, 25.7656, 24.475, 23.1328, 21.844, 20.6905, 19.7192, 18.908, 18.22, 17.6603, 17.2541, 16.9965, 16.858, 16.8577, 17.0458, 17.4494, 18.0546, 18.7329, 19.1501, 19.0773, 18.5313, 17.5996, 16.4524, 15.0505, 13.3333, 11.2055, 8.85748, 7.0601, 5.92853, 5.18194, 4.64946, 4.24834, 3.93207, 3.67567, 3.46197
0.0338049, 25.9064, 24.6104, 23.2708, 21.9908, 20.8526, 19.9026, 19.1179, 18.4608, 17.9384, 17.5769, 17.3718, 17.291, 17.3555, 17.617, 18.0959, 18.7649, 19.4744, 19.8899, 19.8146, 19.2965, 18.4383, 17.4036, 16.2018, 14.815, 13.2104, 11.3493, 9.3837, 7.73612, 6.58149, 5.78284, 5.20427, 4.76367, 4.41564, 4.13206
0.037573, 26.0361, 24.7352, 23.398, 22.126, 21.0016, 20.0714, 19.3108, 18.6816, 18.1926, 17.872, 17.7132, 17.6832, 17.8042, 18.1275, 18.6679, 19.3859, 20.1134, 20.5191, 20.4344, 19.9304, 19.1191, 18.159, 17.0774, 15.8778, 14.5543, 13.0812, 11.4601, 9.80047, 8.34648, 7.23179, 6.41203, 5.79752, 5.3232, 4.94367
0.0415515, 26.1559, 24.8503, 23.5153, 22.2506, 21.1392, 20.2269, 19.4881, 18.8844, 18.4261, 18.142, 18.0252, 18.0402, 18.2106, 18.5871, 19.1792, 19.9342, 20.6715, 21.0629, 20.9652, 20.4674, 19.6905, 18.7815, 17.7818, 16.7034, 15.5526, 14.3136, 12.9821, 11.5676, 10.157, 8.88813, 7.85291, 7.04397, 6.41344, 5.91347
0.0457313, 26.2664, 24.9567, 23.6236, 22.3657, 21.2658, 20.3704, 19.6517, 19.0713, 18.6408, 18.3906, 18.3118, 18.3664, 18.5799, 19.0039, 19.639, 20.4223, 21.1634, 21.5384, 21.4276, 20.9325, 20.1755, 19.3088, 18.368, 17.3747, 16.3407, 15.2588, 14.1228, 12.9268, 11.6935, 10.4803, 9.37287, 8.42929, 7.65619, 7.0267
0.0501021, 26.3687, 25.055, 23.7236, 22.4719, 21.383, 20.503, 19.803, 19.244, 18.839, 18.6198, 18.5751, 18.6661, 18.9185, 19.3832, 20.0547, 20.8607, 21.6014, 21.9583, 21.8337, 21.3392, 20.6013, 19.7631, 18.8677, 17.938, 16.9893, 16.0179, 15.0221, 13.9909, 12.9254, 11.8434, 10.7877, 9.81241, 8.9562, 8.22658
0.0546525, 26.4633, 25.1459, 23.8162, 22.5702, 21.4913, 20.6257, 19.943, 19.4038, 19.0224, 18.8311, 18.8183, 18.9414, 19.2287, 19.7292, 20.433, 21.257, 21.9934, 22.3333, 22.1949, 21.6983, 20.9705, 20.1607, 19.3004, 18.4199, 17.5369, 16.6501, 15.7586, 14.8513, 13.9253, 12.9773, 12.0212, 11.0898, 10.2177, 9.43199
0.0593689, 26.5509, 25.2301, 23.9018, 22.6611, 21.5916, 20.7394, 20.0728, 19.5517, 19.1921, 19.0269, 19.0427, 19.1952, 19.5139, 20.0474, 20.7782, 21.6154, 22.3463, 22.6689, 22.5172, 22.0187, 21.3035, 20.5105, 19.6789, 18.8399, 18.0097, 17.189, 16.3785, 15.5683, 14.7536, 13.9247, 13.0798, 12.2272, 11.3883, 10.59
0.0642373, 26.632, 25.3081, 23.9811, 22.7452, 21.6845, 20.8448, 20.1931, 19.6889, 19.3496, 19.2085, 19.2509, 19.4303, 19.7767, 20.3389, 21.0941, 21.942, 22.6661, 22.9717, 22.8073, 22.3059, 21.5969, 20.8232, 20.0146, 19.2098, 18.4228, 17.6553, 16.9104, 16.1794, 15.4569, 14.7299, 13.9901, 13.2322, 12.4585, 11.6813
0.0692438, 26.7072, 25.3803, 24.0545, 22.8232, 21.7707, 20.9428, 20.3048, 19.8159, 19.4954, 19.3768, 19.4442, 19.6476, 20.0203, 20.6085, 21.3841, 22.2396, 22.9566, 23.2453, 23.0693, 22.5646, 21.8632, 21.1029, 20.3139, 19.5372, 18.7871, 18.0645, 17.3744, 16.7085, 16.0632, 15.4239, 14.78, 14.1189, 13.428, 12.7034
0.0743734, 26.7769, 25.4473, 24.1226, 22.8955, 21.8506, 21.0336, 20.4086, 19.9345, 19.6311, 19.5335, 19.6233, 19.8496, 20.2453, 20.8572, 21.6508, 22.5132, 23.2213, 23.4948, 23.3069, 22.7987, 22.1035, 21.3545, 20.5836, 19.8314, 19.1113, 18.4275, 17.7835, 17.1731, 16.5915, 16.0296, 15.4712, 14.9024, 14.3056, 13.6556
0.0796094, 26.8415, 25.5093, 24.1857, 22.9626, 21.9249, 21.1181, 20.5051, 20.0443, 19.7575, 19.6795, 19.7902, 20.0368, 20.4545, 21.0878, 21.8968, 22.7633, 23.4633, 23.722, 23.5237, 23.0122, 22.3245, 21.5821, 20.8269, 20.0955, 19.4026, 18.7514, 18.1478, 17.5838, 17.0595, 16.5619, 16.0812, 15.598, 15.0935, 14.5342
0.0849374, 26.9015, 25.5669, 24.2442, 23.0248, 21.9938, 21.1967, 20.5949, 20.1471, 19.8753, 19.8156, 19.9459, 20.2113, 20.6482, 21.3011, 22.1239, 22.9944, 23.6851, 23.9296, 23.7213, 23.207, 22.5224, 21.7888, 21.0475, 20.3349, 19.6659, 19.0433, 18.474, 17.9517, 17.4752, 17.0351, 16.6216, 16.2168, 15.8018, 15.3357
0.0903413, 26.9572, 25.6203, 24.2985, 23.0825, 22.0578, 21.2698, 20.6788, 20.2427, 19.9851, 19.9425, 20.091, 20.374, 20.8289, 21.499, 22.3348, 23.2071, 23.8888, 24.1204, 23.9026, 23.3841, 22.7058, 21.9772, 21.2484, 20.5519, 19.9042, 19.3071, 18.7678, 18.2813, 17.848, 17.4583, 17.103, 16.7693, 16.4345, 16.061
0.0958052, 27.0089, 25.6699, 24.3489, 23.1361, 22.1173, 21.3378, 20.7566, 20.3314, 20.0876, 20.061, 20.2259, 20.5257, 20.9966, 21.6834, 22.5298, 23.4034, 24.0769, 24.2954, 24.0686, 23.5472, 22.8709, 22.1509, 21.4318, 20.7503, 20.1209, 19.5467, 19.0347, 18.5806, 18.1848, 17.8393, 17.5361, 17.2632, 17.0004, 16.7096
0.101314, 27.0568, 25.7158, 24.3956, 23.1859, 22.1727, 21.4011, 20.8295, 20.4146, 20.1832, 20.1717, 20.3523, 20.6667, 21.1534, 21.8552, 22.7106, 23.5855, 24.2499, 24.4568, 24.2215, 23.697, 23.0249, 22.3088, 21.5998, 20.9318, 20.3194, 19.7651, 19.2775, 18.8515, 18.4896, 18.1829, 17.9268, 17.7065, 17.5079, 17.2883
0.106853, 27.1014, 25.7585, 24.439, 23.2321, 22.2242, 21.4603, 20.8973, 20.4922, 20.2726, 20.2752, 20.4705, 20.7988, 21.2998, 22.0148, 22.8792, 23.7538, 24.4102, 24.6054, 24.3626, 23.8349, 23.1641, 22.4539, 21.7548, 21.0984, 20.5014, 19.9656, 19.4993, 19.0992, 18.7667, 18.4967, 18.2798, 18.1079, 17.9629, 17.8048
0.112407, 27.1427, 25.7981, 24.4793, 23.2751, 22.272, 21.5153, 20.9606, 20.5647, 20.3565, 20.372, 20.5811, 20.9223, 21.4366, 22.1639, 23.0362, 23.9104, 24.5581, 24.7429, 24.4929, 23.962, 23.2946, 22.5888, 21.8968, 21.2516, 20.668, 20.1497, 19.7025, 19.3258, 19.0205, 18.7801, 18.6009, 18.4703, 18.3721, 18.2671
0.117963, 27.1812, 25.8349, 24.5167, 23.315, 22.3167, 21.5666, 21.0195, 20.6323, 20.4344, 20.4627, 20.6846, 21.0379, 21.5638, 22.3033, 23.1819, 24.056, 24.6956, 24.8703, 24.6133, 24.0808, 23.4152, 22.712, 22.0278, 21.3934, 20.8225, 20.3185, 19.89, 19.5337, 19.2531, 19.0409, 18.8933, 18.7983, 18.7417, 18.681
0.123507, 27.2169, 25.8691, 24.5515, 23.352, 22.3582, 21.6143, 21.0746, 20.6954, 20.5078, 20.5475, 20.7816, 21.1461, 21.6831, 22.4329, 23.3181, 24.1908, 24.8232, 24.9884, 24.7248, 24.1847, 23.5244, 22.8271, 22.1495, 21.5234, 20.9642, 20.4746, 20.0621, 19.7258, 19.4667, 19.2801, 19.1602, 19.0992, 19.0754, 19.0531
0.129027, 27.25, 25.9008, 24.5837, 23.3865, 22.3968, 21.6591, 21.1263, 20.7549, 20.5759, 20.627, 20.8724, 21.2474, 21.7949, 22.5545, 23.4454, 24.3167, 24.9418, 25.0979, 24.8281, 24.2922, 23.6276, 22.9337, 22.2615, 21.6446, 21.0961, 20.619, 20.2216, 19.9024, 19.6633, 19.4999, 19.4058, 19.3725, 19.3791, 19.3872
0.134512, 27.2809, 25.9303, 24.6137, 23.4186, 22.4328, 21.7008, 21.1745, 20.8103, 20.6402, 20.7015, 20.9576, 21.3424, 21.8997, 22.6684, 23.5643, 24.4341, 25.0522, 25.1997, 24.9245, 24.3794, 23.7234, 23.0314, 22.3653, 21.7565, 21.2175, 20.7527, 20.3692, 20.0653, 19.8447, 19.7024, 19.6315, 19.6221, 19.6553, 19.6882
0.13995, 27.3095, 25.9576, 24.6415, 23.4484, 22.4663, 21.7396, 21.2195, 20.8621, 20.7003, 20.7714, 21.0375, 21.4314, 21.9979, 22.7751, 23.6748, 24.5436, 25.1549, 25.2943, 25.0131, 24.4699, 23.8103, 23.1232, 22.4623, 21.8602, 21.3309, 20.8767, 20.5054, 20.2169, 20.0135, 19.8891, 19.8393, 19.8521, 19.9087, 19.9642
0.145332, 27.3362, 25.983, 24.6674, 23.4761, 22.4976, 21.776, 21.2618, 20.9105, 20.7566, 20.8369, 21.113, 21.5149, 22.0899, 22.875, 23.7785, 24.6459, 25.2506, 25.3828, 25.0965, 24.5496, 23.8929, 23.2085, 22.5518, 21.9572, 21.436, 20.9918, 20.6323, 20.3578, 20.169, 20.063, 20.031, 20.0639, 20.1409, 20.2138
0.150647, 27.361, 26.0066, 24.6914, 23.5019, 22.5268, 21.81, 21.3013, 20.9561, 20.8098, 20.8989, 21.1831, 21.5933, 22.1763, 22.9687, 23.8757, 24.7409, 25.3398, 25.4645, 25.1736, 24.626, 23.9699, 23.2869, 22.6357, 22.0469, 21.5336, 21.0989, 20.7504, 20.4887, 20.3141, 20.2232, 20.2094, 20.2604, 20.3522, 20.4428
0.155889, 27.384, 26.0286, 24.7138, 23.526, 22.554, 21.8418, 21.3381, 20.9987, 20.8594, 20.9563, 21.2496, 21.6668, 22.2573, 23.0566, 23.9668, 24.8305, 25.4231, 25.5413, 25.246, 24.6973, 24.0416, 23.3608, 22.7131, 22.1304, 21.6245, 21.1986, 20.8603, 20.6097, 20.4492, 20.3728, 20.3737, 20.4394, 20.5492, 20.6526
0.161048, 27.4054, 26.049, 24.7345, 23.5483, 22.5793, 21.8715, 21.3727, 21.0385, 20.9059, 21.0109, 21.3118, 21.7359, 22.3334, 23.139, 24.0522, 24.9142, 25.5008, 25.6127, 25.3028, 24.7611, 24.1084, 23.4298, 22.786, 22.2088, 21.7098, 21.2915, 20.9628, 20.7238, 20.574, 20.512, 20.5257, 20.607, 20.7298, 20.845
0.166119, 27.4253, 26.0679, 24.7539, 23.5691, 22.603, 21.899, 21.4051, 21.0762, 20.9494, 21.062, 21.3702, 21.8008, 22.4049, 23.2165, 24.1328, 24.9925, 25.5735, 25.6793, 25.3773, 24.823, 24.169, 23.4931, 22.8541, 22.2815, 21.789, 21.3782, 21.0591, 20.8289, 20.692, 20.6406, 20.6681, 20.7629, 20.8963, 21.0219
0.171095, 27.4438, 26.0856, 24.7718, 23.5885, 22.625, 21.925, 21.4356, 21.1113, 20.9907, 21.1105, 21.4251, 21.8617, 22.472, 23.2892, 24.2076, 25.0658, 25.642, 25.7421, 25.4269, 24.8811, 24.2271, 23.5532, 22.9171, 22.3499, 21.8629, 21.4592, 21.1479, 20.9275, 20.8006, 20.7612, 20.8009, 20.9064, 21.0517, 21.1866
0.175971, 27.4611, 26.102, 24.7885, 23.6065, 22.6456, 21.9495, 21.4639, 21.1441, 21.0292, 21.1552, 21.4766, 21.9197, 22.5358, 23.3575, 24.2785, 25.1344, 25.7053, 25.8004, 25.4903, 24.9355, 24.2816, 23.6094, 22.9765, 22.4133, 21.9319, 21.5355, 21.232, 21.0206, 20.9025, 20.8738, 20.9246, 21.0407, 21.1947, 21.3375
0.180743, 27.4772, 26.1173, 24.8041, 23.6234, 22.6647, 21.9722, 21.4904, 21.1751, 21.0653, 21.1979, 21.5256, 21.9739, 22.5954, 23.4217, 24.3443, 25.1987, 25.7652, 25.8548, 25.5347, 24.9863, 24.3325, 23.6609, 23.0314, 22.4732, 21.997, 21.6065, 21.3102, 21.1064, 20.9979, 20.9792, 21.0389, 21.1646, 21.3285, 21.4783
0.185407, 27.4921, 26.1314, 24.8186, 23.639, 22.6827, 21.9932, 21.5154, 21.2041, 21.0996, 21.2378, 21.5715, 22.0248, 22.6514, 23.4827, 24.4069, 25.2597, 25.8211, 25.9062, 25.5897, 25.0338, 24.3802, 23.7102, 23.0835, 22.5287, 22.0575, 21.6728, 21.3834, 21.1879, 21.0882, 21.0776, 21.1464, 21.281, 21.4532, 21.6076
0.189959, 27.5061, 26.1446, 24.832, 23.6535, 22.6996, 22.0132, 21.5387, 21.2315, 21.1316, 21.2758, 21.6146, 22.0726, 22.7041, 23.5392, 24.4655, 25.3166, 25.8741, 25.9431, 25.6293, 25.0759, 24.4232, 23.7563, 23.1323, 22.5813, 22.1148, 21.7356, 21.4519, 21.2638, 21.1712, 21.1698, 21.247, 21.3899, 21.568, 21.7288
0.194398, 27.5191, 26.1569, 24.8446, 23.6672, 22.7152, 22.0319, 21.5608, 21.2571, 21.162, 21.3113, 21.6556, 22.1181, 22.7535, 23.5931, 24.5205, 25.3699, 25.9234, 26.0001, 25.6711, 25.1174, 24.465, 23.7996, 23.1774, 22.63, 22.168, 21.794, 21.5168, 21.3348, 21.2504, 21.2561, 21.3412, 21.4917, 21.6758, 21.8419
0.198721, 27.5311, 26.1684, 24.8563, 23.6799, 22.7298, 22.0494, 21.5816, 21.2814, 21.1903, 21.3451, 21.6939, 22.1607, 22.8007, 23.6436, 24.5728, 25.4199, 25.9695, 26.0327, 25.7167, 25.1567, 24.5043, 23.8402, 23.2203, 22.6762, 22.2184, 21.8486, 21.5773, 21.4014, 21.3242, 21.3369, 21.4294, 21.5869, 21.7768, 21.9472
0.202926, 27.5424, 26.179, 24.8671, 23.6917, 22.7436, 22.0658, 21.601, 21.3039, 21.2168, 21.3766, 21.7299, 22.2007, 22.8449, 23.6911, 24.6218, 25.4674, 26.0132, 26.082, 25.7472, 25.1935, 24.5411, 23.8772, 23.2607, 22.719, 22.2652, 21.9006, 21.6339, 21.4648, 21.3933, 21.4128, 21.512, 21.6759, 21.8711, 22.0438
0.207013, 27.5529, 26.1889, 24.8773, 23.7028, 22.7564, 22.0813, 21.6193, 21.3254, 21.2421, 21.4061, 21.7642, 22.2389, 22.8864, 23.7363, 24.6677, 25.5118, 26.0434, 26.1112, 25.7813, 25.228, 24.5758, 23.9129, 23.2977, 22.7598, 22.3097, 21.9488, 21.6878, 21.5238, 21.4581, 21.485, 21.5907, 21.7594, 21.9594, 22.1366
0.210982, 27.5627, 26.1982, 24.8867, 23.7131, 22.7684, 22.0957, 21.6363, 21.3453, 21.2661, 21.4343, 21.7963, 22.2746, 22.926, 23.7787, 24.7108, 25.5534, 26.093, 26.1541, 25.8215, 25.2605, 24.6083, 23.9466, 23.3333, 22.7983, 22.351, 21.9948, 21.7379, 21.579, 21.52, 21.551, 21.6626, 21.8375, 22.0419, 22.2209
0.214832, 27.5718, 26.2068, 24.8955, 23.7227, 22.7797, 22.1093, 21.6525, 21.3643, 21.2884, 21.4606, 21.8264, 22.3081, 22.963, 23.8185, 24.7519, 25.5931, 26.12, 26.1804, 25.8475, 25.291, 24.6388, 23.9782, 23.3668, 22.8337, 22.3904, 22.0375, 21.7848, 21.6317, 21.5775, 21.6147, 21.7318, 21.9107, 22.1192, 22.3022
0.218563, 27.5804, 26.2148, 24.9037, 23.7316, 22.7901, 22.1218, 21.6674, 21.3819, 21.3092, 21.4858, 21.8552, 22.3402, 22.9978, 23.8565, 24.7904, 25.6301, 26.1638, 26.2181, 25.8761, 25.3174, 24.666, 24.0068, 23.3984, 22.8677, 22.4268, 22.0782, 21.8297, 21.6808, 21.6314, 21.6739, 21.7962, 21.9808, 22.1932, 22.3774
0.222177, 27.5883, 26.2223, 24.9113, 23.74, 22.7999, 22.1337, 21.6817, 21.3987, 21.3291, 21.5092, 21.8821, 22.3701, 23.0311, 23.8921, 24.8272, 25.6654, 26.1843, 26.2383, 25.9037, 25.3441, 24.6929, 24.0347, 23.4272, 22.8998, 22.4617, 22.116, 21.8722, 21.7267, 21.6819, 21.7306, 21.8565, 22.0444, 22.2601, 22.4477
0.225674, 27.5958, 26.2293, 24.9185, 23.7479, 22.8092, 22.145, 21.6952, 21.4146, 21.3481, 21.5316, 21.9079, 22.3988, 23.0622, 23.926, 24.8615, 25.6851, 26.2258, 26.275, 25.9298, 25.3695, 24.7184, 24.0611, 23.4551, 22.9293, 22.4947, 22.1522, 21.9116, 21.7707, 21.7305, 21.7832, 21.9145, 22.1061, 22.325, 22.5133
0.229056, 27.6028, 26.2358, 24.9252, 23.7553, 22.8177, 22.1556, 21.7076, 21.4294, 21.3657, 21.5524, 21.9325, 22.4255, 23.0919, 23.9578, 24.8936, 25.73, 26.2443, 26.2932, 25.9545, 25.3935, 24.7424, 24.0859, 23.4815, 22.9577, 22.5251, 22.1856, 21.9484, 21.8126, 21.7755, 21.8325, 21.9668, 22.1633, 22.3852, 22.5748
0.232324, 27.6093, 26.2419, 24.9315, 23.7621, 22.826, 22.1654, 21.7195, 21.4435, 21.3825, 21.5724, 21.9547, 22.4505, 23.1197, 23.9875, 24.9244, 25.7477, 26.2817, 26.3155, 25.9777, 25.4161, 24.7651, 24.1093, 23.5064, 22.9845, 22.5544, 22.2177, 21.9839, 21.8514, 21.8189, 21.8786, 22.0178, 22.2169, 22.4414, 22.6342
0.235479, 27.6153, 26.2476, 24.9373, 23.7685, 22.8336, 22.1748, 21.7308, 21.4569, 21.398, 21.5909, 21.9767, 22.4746, 23.1457, 24.0161, 24.941, 25.7871, 26.2984, 26.3489, 25.9997, 25.4374, 24.7864, 24.1314, 23.5289, 23.009, 22.5822, 22.2483, 22.0176, 21.8875, 21.859, 21.9233, 22.0665, 22.2686, 22.4957, 22.6888
0.238525, 27.621, 26.253, 24.9428, 23.7745, 22.8407, 22.1836, 21.7415, 21.4692, 21.4129, 21.6087, 21.9971, 22.4976, 23.1707, 24.0427, 24.981, 25.8031, 26.3192, 26.3642, 26.0177, 25.4575, 24.8065, 24.1511, 23.5509, 23.0328, 22.6076, 22.2763, 22.0487, 21.9224, 21.8977, 21.9658, 22.1115, 22.3164, 22.5458, 22.7397
0.241462, 27.6264, 26.2579, 24.9478, 23.7802, 22.8475, 22.1917, 21.7513, 21.481, 21.4272, 21.6257, 22.0161, 22.5189, 23.1947, 24.0682, 24.9959, 25.8383, 26.3535, 26.3831, 26.0366, 25.4765, 24.8254, 24.1706, 23.5718, 23.0554, 22.6322, 22.3034, 22.0786, 21.9547, 21.9333, 22.005, 22.1534, 22.3626, 22.5925, 22.7892
0.244293, 27.6313, 26.2626, 24.9526, 23.7855, 22.8537, 22.1994, 21.7607, 21.4918, 21.4408, 21.6414, 22.0343, 22.5394, 23.2169, 24.092, 25.0317, 25.8528, 26.3679, 26.4021, 26.055, 25.4944, 24.8418, 24.1892, 23.5915, 23.0768, 22.6556, 22.3282, 22.1061, 21.9859, 21.9678, 22.0415, 22.1941, 22.4051, 22.638, 22.8345
0.24702, 27.636, 26.267, 24.9571, 23.7905, 22.8595, 22.2067, 21.7697, 21.5027, 21.4533, 21.6565, 22.0519, 22.5584, 23.2382, 24.1149, 25.0452, 25.8836, 26.3857, 26.4285, 26.0725, 25.5113, 24.8586, 24.2067, 23.6102, 23.0961, 22.6768, 22.3523, 22.1328, 22.0157, 21.9995, 22.0771, 22.2316, 22.4447, 22.6796, 22.8786
0.249646, 27.6404, 26.2711, 24.9613, 23.7952, 22.8651, 22.2136, 21.7778, 21.5125, 21.4647, 21.671, 22.068, 22.5767, 23.258, 24.1369, 25.0766, 25.8969, 26.4147, 26.4326, 26.0891, 25.5251, 24.8745, 24.2233, 23.6279, 23.115, 22.6975, 22.3753, 22.1583, 22.0429, 22.0303, 22.1097, 22.268, 22.4833, 22.7202, 22.9188
0.252174, 27.6445, 26.2749, 24.9652, 23.7995, 22.8703, 22.2203, 21.7856, 21.522, 21.4763, 21.6842, 22.0836, 22.5936, 23.2771, 24.1488, 25.089, 25.9244, 26.4186, 26.454, 26.1047, 25.5419, 24.8897, 24.239, 23.6435, 23.1331, 22.7173, 22.3972, 22.1815, 22.0694, 22.0585, 22.1415, 22.3014, 22.5187, 22.7573, 22.9559
0.254605, 27.6484, 26.2785, 24.9689, 23.8036, 22.8753, 22.2262, 21.793, 21.5305, 21.4868, 21.697, 22.0986, 22.6099, 23.2946, 24.1771, 25.1172, 25.928, 26.4396, 26.4707, 26.1196, 25.5545, 24.904, 24.2538, 23.6592, 23.1502, 22.735, 22.417, 22.2041, 22.0935, 22.086, 22.1705, 22.3339, 22.5533, 22.7934, 22.9947
0.256943, 27.652, 26.2819, 24.9724, 23.8074, 22.88, 22.2323, 21.8002, 21.5388, 21.4969, 21.7086, 22.1122, 22.6256, 23.3116, 24.1801, 25.1204, 25.9612, 26.4661, 26.4858, 26.1336, 25.5676, 24.9175, 24.2665, 23.6741, 23.1664, 22.7525, 22.4363, 22.2246, 22.1171, 22.1124, 22.199, 22.3636, 22.5865, 22.8263, 23.0268
0.259189, 27.6554, 26.285, 24.9756, 23.811, 22.8845, 22.2376, 21.807, 21.5467, 21.506, 21.7206, 22.1254, 22.6399, 23.328, 24.2127, 25.1532, 25.9645, 26.4694, 26.506, 26.1469, 25.5803, 24.9302, 24.2796, 23.6882, 23.1807, 22.7692, 22.4548, 22.2447, 22.1398, 22.1362, 22.2263, 22.3926, 22.6165, 22.8586, 23.0591
0.261348, 27.6585, 26.288, 24.9787, 23.8144, 22.8887, 22.2428, 21.813, 21.5543, 21.5155, 21.7305, 22.1374, 22.6539, 23.3375, 24.2154, 25.1562, 25.983, 26.4875, 26.5091, 26.1595, 25.5924, 24.9423, 24.2922, 23.7016, 23.195, 22.7851, 22.4713, 22.2641, 22.1601, 22.1596, 22.2509, 22.4206, 22.6441, 22.8876, 23.0906
0.263421, 27.6615, 26.2908, 24.9815, 23.8177, 22.8925, 22.2477, 21.8188, 21.5616, 21.5239, 21.7412, 22.1499, 22.6673, 23.3583, 24.2449, 25.1858, 26.0095, 26.4928, 26.5258, 26.1715, 25.6039, 24.9538, 24.304, 23.7143, 23.2087, 22.8003, 22.4877, 22.2825, 22.1801, 22.1806, 22.2751, 22.4457, 22.6715, 22.9164, 23.1184
0.265411, 27.6643, 26.2934, 24.9843, 23.8207, 22.8961, 22.2524, 21.8245, 21.568, 21.532, 21.7505, 22.1601, 22.6793, 23.3606, 24.2474, 25.1885, 26.0123, 26.5223, 26.5306, 26.1755, 25.6147, 24.9631, 24.3153, 23.7252, 23.2218, 22.8135, 22.5034, 22.2989, 22.1994, 22.2014, 22.2984, 22.4705, 22.698, 22.9421, 23.1484
0.267321, 27.667, 26.2959, 24.9868, 23.8236, 22.8995, 22.2565, 21.8299, 21.5743, 21.5391, 21.7604, 22.1719, 22.6911, 23.3855, 24.2731, 25.215, 26.0284, 26.525, 26.548, 26.1917, 25.625, 24.9746, 24.326, 23.7363, 23.2342, 22.8268, 22.5184, 22.3151, 22.2179, 22.2215, 22.3191, 22.4926, 22.7234, 22.9698, 23.1717
0.269153, 27.6693, 26.2982, 24.9892, 23.8263, 22.9028, 22.2605, 21.835, 21.5803, 21.547, 21.7681, 22.1789, 22.7025, 23.3876, 24.2755, 25.2175, 26.033, 26.54, 26.5525, 26.1959, 25.6347, 24.9831, 24.3361, 23.7471, 23.246, 22.8396, 22.5314, 22.3308, 22.2341, 22.2408, 22.3397, 22.5146, 22.7459, 22.9913, 23.1982
0.27091, 27.6716, 26.3004, 24.9915, 23.8288, 22.9059, 22.2643, 21.8399, 21.5861, 21.5535, 21.7769, 22.1913, 22.7099, 23.4092, 24.2994, 25.2413, 26.0623, 26.5443, 26.5687, 26.2111, 25.6439, 24.9921, 24.3457, 23.7573, 23.2559, 22.8519, 22.5446, 22.3458, 22.2503, 22.2577, 22.3578, 22.5359, 22.7662, 23.0159, 23.2181
0.272595, 27.6738, 26.3024, 24.9936, 23.8312, 22.9089, 22.268, 21.8441, 21.5917, 21.56, 21.7842, 22.1978, 22.7239, 23.4112, 24.3015, 25.2436, 26.0646, 26.5678, 26.5728, 26.215, 25.6527, 25.0008, 24.3548, 23.767, 23.2662, 22.8635, 22.5573, 22.3587, 22.266, 22.2746, 22.3777, 22.5545, 22.7888, 23.0368, 23.2442
0.27421, 27.6759, 26.3042, 24.9956, 23.8335, 22.9117, 22.2715, 21.8483, 21.597, 21.5663, 21.7924, 22.2093, 22.7257, 23.4306, 24.3222, 25.2485, 26.0696, 26.5701, 26.5932, 26.2288, 25.661, 25.0091, 24.3621, 23.7762, 23.2762, 22.8733, 22.5694, 22.3718, 22.2794, 22.2909, 22.3946, 22.5732, 22.808, 23.0576, 23.2599
0.275757, 27.6778, 26.3059, 24.9975, 23.8357, 22.9143, 22.2749, 21.8523, 21.6014, 21.5724, 21.7992, 22.2109, 22.743, 23.4325, 24.3242, 25.276, 26.095, 26.5749, 26.5953, 26.2322, 25.6637, 25.017, 24.37, 23.785, 23.2857, 22.8847, 22.581, 22.3845, 22.2946, 22.3067, 22.4095, 22.5914, 22.827, 23.0778, 23.2833
0.277239, 27.6796, 26.3076, 24.9993, 23.8377, 22.9169, 22.2781, 21.8561, 21.6059, 21.5773, 21.8049, 22.2256, 22.7446, 23.4506, 24.3285, 25.278, 26.0971, 26.5811, 26.5998, 26.2447, 25.6751, 25.0245, 24.3777, 23.7933, 23.2947, 22.8937, 22.5921, 22.3966, 22.3071, 22.3201, 22.4267, 22.6089, 22.8433, 23.095, 23.3018
0.278659, 27.6813, 26.3092, 25.0006, 23.8397, 22.9193, 22.2811, 21.8598, 21.6103, 21.5833, 21.8128, 22.227, 22.7592, 23.4522, 24.3535, 25.2823, 26.1015, 26.5974, 26.6055, 26.2478, 25.678, 25.0315, 24.3851, 23.8, 23.3033, 22.9029, 22.6013, 22.4083, 22.3197, 22.3337, 22.4408, 22.6238, 22.8622, 23.1124, 23.3201
0.280019, 27.6829, 26.3106, 25.0024, 23.8415, 22.9216, 22.2841, 21.8634, 21.6145, 21.5879, 21.8179, 22.2392, 22.7608, 23.4675, 24.3552, 25.2878, 26.1072, 26.6012, 26.6118, 26.2525, 25.6888, 25.0383, 24.3921, 23.8084, 23.3115, 22.9118, 22.6109, 22.4179, 22.3318, 22.3469, 22.455, 22.6389, 22.8775, 23.1294, 23.3352
0.28132, 27.6845, 26.312, 25.0036, 23.8432, 22.9238, 22.2869, 21.8668, 21.6185, 21.5926, 21.8234, 22.2407, 22.7753, 23.4692, 24.359, 25.3149, 26.132, 26.6063, 26.6268, 26.2651, 25.6914, 25.0446, 24.3988, 23.8146, 23.318, 22.9204, 22.6202, 22.4294, 22.3418, 22.3597, 22.4688, 22.6537, 22.8906, 23.146, 23.3507
0.282565, 27.6859, 26.3133, 25.0049, 23.8442, 22.9247, 22.2895, 21.8701, 21.6224, 21.5972, 21.8288, 22.2529, 22.7767, 23.4835, 24.3798, 25.3165, 26.1338, 26.6121, 26.63, 26.268, 25.7012, 25.0467, 24.4051, 23.8211, 23.3263, 22.9285, 22.6291, 22.4384, 22.3522, 22.3702, 22.4801, 22.6679, 22.9067, 23.1594, 23.3689
0.283757, 27.6873, 26.3146, 25.0062, 23.8463, 22.9275, 22.2905, 21.8732, 21.6261, 21.6016, 21.835, 22.2542, 22.785, 23.4851, 24.3814, 25.3201, 26.1374, 26.6182, 26.6345, 26.2721, 25.7035, 25.0555, 24.4111, 23.8274, 23.3324, 22.9349, 22.6377, 22.4475, 22.3624, 22.381, 22.4938, 22.6796, 22.9194, 23.1733, 23.3799
0.284898, 27.6886, 26.3158, 25.0074, 23.8472, 22.9284, 22.294, 21.8762, 21.6297, 21.6059, 21.8363, 22.2629, 22.7948, 23.4882, 24.3847, 25.3248, 26.1421, 26.6415, 26.6395, 26.2768, 25.7124, 25.0577, 24.4168, 23.8335, 23.3387, 22.9418, 22.6458, 22.4565, 22.3723, 22.3917, 22.5046, 22.6916, 22.9346, 23.1871, 23.3952
0.285988, 27.6898, 26.3169, 25.0085, 23.8484, 22.9309, 22.295, 21.8772, 21.6331, 21.61, 21.8441, 22.2645, 22.7961, 23.5053, 24.3889, 25.3299, 26.1474, 26.643, 26.6448, 26.2817, 25.7145, 25.0661, 24.4222, 23.8393, 23.345, 22.9485, 22.6522, 22.4651, 22.3818, 22.4021, 22.5155, 22.7035, 22.9463, 23.2004, 23.4094
0.287031, 27.6909, 26.3179, 25.0096, 23.8496, 22.9317, 22.2982, 21.8811, 21.6341, 21.6112, 21.8486, 22.2748, 22.7988, 23.5066, 24.4097, 25.3532, 26.1529, 26.6462, 26.6501, 26.2867, 25.7177, 25.0681, 24.4239, 23.8449, 23.351, 22.9551, 22.659, 22.4717, 22.391, 22.4121, 22.5262, 22.7151, 22.9558, 23.2134, 23.4202
0.288029, 27.692, 26.3189, 25.0106, 23.8508, 22.933, 22.299, 21.8821, 21.6387, 21.6166, 21.85, 22.276, 22.8127, 23.5093, 24.4111, 25.3546, 26.1584, 26.6502, 26.6553, 26.2916, 25.7267, 25.0757, 24.4313, 23.8501, 23.3567, 22.9614, 22.6658, 22.4788, 22.398, 22.4217, 22.5365, 22.7263, 22.9685, 23.2232, 23.4314
0.288982, 27.693, 26.3199, 25.0116, 23.8519, 22.9343, 22.302, 21.8858, 21.6397, 21.6205, 21.8572, 22.2825, 22.8139, 23.5128, 24.4138, 25.3575, 26.1801, 26.6547, 26.6603, 26.2964, 25.7287, 25.0775, 24.4332, 23.8551, 23.3622, 22.9674, 22.6723, 22.4859, 22.4073, 22.429, 22.5445, 22.7348, 22.9778, 23.2336, 23.4426
0.289894, 27.694, 26.3207, 25.0125, 23.8529, 22.9356, 22.3028, 21.8866, 21.644, 21.6216, 21.8584, 22.2841, 22.8163, 23.529, 24.4174, 25.3612, 26.1814, 26.6593, 26.6652, 26.3009, 25.7316, 25.0844, 24.4403, 23.8566, 23.3674, 22.9732, 22.6787, 22.4928, 22.4139, 22.4368, 22.5528, 22.7461, 22.99, 23.2467, 23.4536
0.290765, 27.6949, 26.3216, 25.0134, 23.8539, 22.9368, 22.3041, 21.8901, 21.645, 21.6265, 21.864, 22.2927, 22.8192, 23.5302, 24.4214, 25.3654, 26.1842, 26.6639, 26.6699, 26.3053, 25.7349, 25.086, 24.442, 23.8634, 23.369, 22.9787, 22.6847, 22.4994, 22.4209, 22.4446, 22.5613, 22.7543, 22.9988, 23.256, 23.4644
0.291598, 27.6958, 26.3224, 25.0142, 23.8548, 22.938, 22.3054, 21.8909, 21.649, 21.6276, 21.8653, 22.2939, 22.8317, 23.5325, 24.4256, 25.3697, 26.1876, 26.6685, 26.6744, 26.3095, 25.7384, 25.0885, 24.4485, 23.8651, 23.376, 22.984, 22.6905, 22.5058, 22.4278, 22.4522, 22.5695, 22.7628, 23.0078, 23.259, 23.4748
0.292394, 27.6966, 26.3231, 25.015, 23.8557, 22.9391, 22.3068, 21.8922, 21.6499, 21.6322, 21.8707, 22.2959, 22.8328, 23.5355, 24.4442, 25.3741, 26.1915, 26.6729, 26.6787, 26.3135, 25.742, 25.0956, 24.45, 23.8717, 23.3811, 22.9855, 22.6961, 22.512, 22.4344, 22.4596, 22.5775, 22.7712, 23.0167, 23.2738, 23.478
0.293154, 27.6974, 26.3238, 25.0157, 23.8566, 22.9402, 22.3082, 21.8937, 21.6513, 21.6333, 21.872, 22.3036, 22.8349, 23.5387, 24.4453, 25.3929, 26.1955, 26.6772, 26.6828, 26.3174, 25.7455, 25.0971, 24.4559, 23.8732, 23.3825, 22.9924, 22.6977, 22.5179, 22.4409, 22.4667, 22.5853, 22.7794, 23.0254, 23.2832, 23.4933
0.29388, 27.6981, 26.3245, 25.0165, 23.8574, 22.9412, 22.3095, 21.8953, 21.6553, 21.6349, 21.8771, 22.3048, 22.8374, 23.5525, 24.4475, 25.394, 26.1995, 26.6814, 26.6867, 26.321, 25.7489, 25.0993, 24.4573, 23.8792, 23.3887, 22.9941, 22.7048, 22.5196, 22.4428, 22.4736, 22.5928, 22.7819, 23.0281, 23.286, 23.4963
0.294574, 27.6988, 26.3252, 25.0171, 23.8582, 22.9421, 22.3107, 21.8968, 21.6562, 21.6396, 21.8783, 22.3067, 22.8402, 23.5535, 24.4503, 25.3962, 26.2035, 26.6854, 26.6905, 26.3245, 25.7521, 25.1019, 24.4594, 23.8806, 23.3902, 23.0008, 22.7066, 22.527, 22.4509, 22.4757, 22.5951, 22.7942, 23.0411, 23.2998, 23.5078
0.295237, 27.6995, 26.3258, 25.0178, 23.8589, 22.9431, 22.3119, 21.8982, 21.6575, 21.6406, 21.8801, 22.3137, 22.8506, 23.5555, 24.4534, 25.399, 26.2074, 26.6892, 26.6941, 26.3278, 25.7553, 25.1046, 24.4619, 23.8827, 23.3961, 23.0024, 22.7136, 22.533, 22.4574, 22.484, 22.6041, 22.7966, 23.0437, 23.3025, 23.5111
0.295869, 27.7001, 26.3263, 25.0184, 23.8596, 22.944, 22.313, 21.8996, 21.659, 21.6421, 21.8853, 22.3148, 22.8516, 23.5579, 24.4566, 25.4021, 26.2112, 26.6929, 26.6975, 26.3309, 25.7583, 25.1074, 24.4682, 23.8889, 23.3975, 23.0087, 22.7154, 22.5346, 22.4593, 22.491, 22.6117, 22.8059, 23.0535, 23.3128, 23.5225
0.296474, 27.7007, 26.3269, 25.0189, 23.8603, 22.9448, 22.3141, 21.9009, 21.6605, 21.6437, 21.8864, 22.3166, 22.8534, 23.5606, 24.4599, 25.4053, 26.2148, 26.6964, 26.7008, 26.334, 25.7611, 25.1101, 24.4695, 23.8902, 23.3995, 23.0102, 22.7219, 22.5414, 22.4666, 22.493, 22.6139, 22.8138, 23.0562, 23.3157, 23.5257
0.29705, 27.7013, 26.3274, 25.0195, 23.8609, 22.9457, 22.3152, 21.9022, 21.662, 21.6455, 21.888, 22.3186, 22.8555, 23.5634, 24.4631, 25.4086, 26.2184, 26.6998, 26.7039, 26.3368, 25.7638, 25.1128, 24.4713, 23.8921, 23.4056, 23.0159, 22.7235, 22.5431, 22.4685, 22.5007, 22.6222, 22.8161, 23.0661, 23.3259, 23.5367
0.297601, 27.7018, 26.3279, 25.02, 23.8615, 22.9464, 22.3162, 21.9035, 21.6635, 21.6472, 21.8898, 22.3208, 22.8579, 23.5662, 24.4663, 25.4118, 26.2322, 26.703, 26.7069, 26.3396, 25.7664, 25.1154, 24.4734, 23.8943, 23.407, 23.0173, 22.7296, 22.5496, 22.4757, 22.5027, 22.6245, 22.8247, 23.0688, 23.3288, 23.5397
0.298127, 27.7023, 26.3284, 25.0205, 23.8621, 22.9472, 22.3172, 21.9047, 21.6649, 21.6489, 21.8918, 22.3274, 22.8603, 23.5689, 24.4798, 25.4149, 26.2332, 26.7061, 26.7098, 26.3422, 25.7689, 25.1178, 24.4756, 23.8966, 23.4088, 23.0192, 22.7311, 22.5512, 22.4776, 22.5103, 22.6326, 22.8271, 23.0782, 23.3322, 23.5433
0.298629, 27.7028, 26.3288, 25.021, 23.8627, 22.9479, 22.3181, 21.9059, 21.6663, 21.653, 21.8965, 22.3284, 22.8627, 23.5797, 24.4807, 25.418, 26.2349, 26.7091, 26.7125, 26.3446, 25.7713, 25.1202, 24.4779, 23.8989, 23.4109, 23.0214, 22.733, 22.5534, 22.4843, 22.5122, 22.6348, 22.8299, 23.0807, 23.3428, 23.5543
0.299108, 27.7033, 26.3293, 25.0214, 23.8632, 22.9486, 22.319, 21.907, 21.6677, 21.6538, 21.8976, 22.3299, 22.8706, 23.5806, 24.4824, 25.421, 26.237, 26.712, 26.7151, 26.347, 25.7735, 25.1224, 24.4801, 23.9013, 23.4132, 23.0275, 22.7392, 22.5601, 22.486, 22.5147, 22.6375, 22.8391, 23.0838, 23.3457, 23.5573
0.299566, 27.7037, 26.3297, 25.0219, 23.8637, 22.9493, 22.3199, 21.9081, 21.669, 21.655, 21.899, 22.3316, 22.8715, 23.5821, 24.4844, 25.4239, 26.2394, 26.7148, 26.7176, 26.3493, 25.7756, 25.1246, 24.4823, 23.9036, 23.4155, 23.0289, 22.7406, 22.5617, 22.4882, 22.5224, 22.6458, 22.8415, 23.0933, 23.3489, 23.5607
0.300002, 27.7041, 26.33, 25.0223, 23.8642, 22.9499, 22.3208, 21.9091, 21.6702, 21.6564, 21.9005, 22.3334, 22.873, 23.5839, 24.4865, 25.4355, 26.2418, 26.7174, 26.72, 26.3514, 25.7777, 25.1266, 24.4844, 23.9058, 23.4177, 23.0306, 22.7425, 22.5637, 22.4907, 22.5244, 22.648, 22.8443, 23.0959, 23.3589, 23.5644
0.300418, 27.7045, 26.3304, 25.0227, 23.8647, 22.9505, 22.3216, 21.9101, 21.6714, 21.6577, 21.9021, 22.3353, 22.8747, 23.5859, 24.4888, 25.4364, 26.2442, 26.7199, 26.7223, 26.3535, 25.7796, 25.1286, 24.4864, 23.908, 23.42, 23.0326, 22.7446, 22.566, 22.4978, 22.5267, 22.6505, 22.8529, 23.0988, 23.3615, 23.5682
0.300816, 27.7049, 26.3308, 25.023, 23.8651, 22.9511, 22.3224, 21.9111, 21.6726, 21.6591, 21.9037, 22.3371, 22.8765, 23.588, 24.4911, 25.4379, 26.2466, 26.7224, 26.7245, 26.3554, 25.7814, 25.1304, 24.4883, 23.91, 23.4222, 23.0346, 22.7467, 22.5684, 22.4995, 22.5293, 22.6533, 22.8552, 23.1019, 23.3645, 23.5721
0.301195, 27.7053, 26.3311, 25.0234, 23.8655, 22.9517, 22.3231, 21.912, 21.6737, 21.6604, 21.9053, 22.3389, 22.8784, 23.59, 24.4933, 25.4397, 26.2489, 26.7247, 26.7265, 26.3573, 25.7832, 25.1322, 24.4901, 23.912, 23.4243, 23.0367, 22.749, 22.5708, 22.5016, 22.5319, 22.6613, 22.8577, 23.1111, 23.3678, 23.5761
0.301557, 27.7056, 26.3314, 25.0237, 23.8659, 22.9523, 22.3239, 21.913, 21.6748, 21.6617, 21.9068, 22.3407, 22.8802, 23.5921, 24.4955, 25.4416, 26.2512, 26.7269, 26.7285, 26.3591, 25.7849, 25.1339, 24.4919, 23.9139, 23.4264, 23.0388, 22.7512, 22.5732, 22.5038, 22.5395, 22.6634, 22.8605, 23.1135, 23.3711, 23.5869
0.301902, 27.7059, 26.3317, 25.024, 23.8663, 22.9528, 22.3246, 21.9138, 21.6759, 21.663, 21.9083, 22.3424, 22.882, 23.5941, 24.4977, 25.4436, 26.2534, 26.7291, 26.7305, 26.3608, 25.7865, 25.1355, 24.4936, 23.9157, 23.4283, 23.0408, 22.7535, 22.5757, 22.5062, 22.5413, 22.6657, 22.8634, 23.1162, 23.3745, 23.5897
0.302232, 27.7062, 26.332, 25.0243, 23.8667, 22.9533, 22.3252, 21.9147, 21.6769, 21.6642, 21.9098, 22.344, 22.8838, 23.596, 24.4998, 25.4457, 26.2555, 26.7311, 26.7323, 26.3624, 25.788, 25.137, 24.4952, 23.9174, 23.4302, 23.0428, 22.7556, 22.5781, 22.5086, 22.5434, 22.6682, 22.8664, 23.119, 23.378, 23.5927
0.302546, 27.7065, 26.3323, 25.0246, 23.8671, 22.9538, 22.3259, 21.9155, 21.6779, 21.6654, 21.9112, 22.3456, 22.8856, 23.5979, 24.5018, 25.4476, 26.2575, 26.7331, 26.734, 26.3639, 25.7894, 25.1385, 24.4967, 23.9191, 23.432, 23.0448, 22.7578, 22.5804, 22.5109, 22.5457, 22.6708, 22.8694, 23.1219, 23.3814, 23.5959
0.302846, 27.7068, 26.3325, 25.0249, 23.8674, 22.9542, 22.3265, 21.9163, 21.6788, 21.6665, 21.9126, 22.3472, 22.8872, 23.5997, 24.5038, 25.4496, 26.2595, 26.735, 26.7357, 26.3654, 25.7908, 25.1398, 24.4981, 23.9207, 23.4338, 23.0466, 22.7599, 22.5827, 22.5133, 22.548, 22.6734, 22.8724, 23.1249, 23.3848, 23.5991
0.303132, 27.7071, 26.3328, 25.0252, 23.8677, 22.9547, 22.3271, 21.9171, 21.6798, 21.6676, 21.9139, 22.3487, 22.8889, 23.6015, 24.5057, 25.4515, 26.2614, 26.7368, 26.7373, 26.3668, 25.7921, 25.1411, 24.4995, 23.9222, 23.4354, 23.0484, 22.7619, 22.5849, 22.5156, 22.5503, 22.676, 22.8753, 23.1279, 23.3881, 23.6023
0.303404, 27.7073, 26.333, 25.0254, 23.868, 22.9551, 22.3277, 21.9178, 21.6806, 21.6687, 21.9152, 22.3501, 22.8905, 23.6033, 24.5076, 25.4533, 26.2632, 26.7386, 26.7388, 26.3681, 25.7934, 25.1424, 24.5009, 23.9236, 23.437, 23.0502, 22.7638, 22.587, 22.5179, 22.5527, 22.6786, 22.8782, 23.1308, 23.3914, 23.6055
0.303665, 27.7076, 26.3332, 25.0257, 23.8683, 22.9555, 22.3283, 21.9185, 21.6815, 21.6697, 21.9164, 22.3515, 22.892, 23.6049, 24.5094, 25.4551, 26.265, 26.7403, 26.7403, 26.3694, 25.7945, 25.1436, 24.5021, 23.925, 23.4385, 23.0519, 22.7656, 22.5891, 22.5202, 22.555, 22.6812, 22.8811, 23.1337, 23.3946, 23.6086
0.303913, 27.7078, 26.3334, 25.0259, 23.8686, 22.9559, 22.3289, 21.9192, 21.6823, 21.6708, 21.9176, 22.3529, 22.8935, 23.6065, 24.5111, 25.4569, 26.2667, 26.7419, 26.7417, 26.3706, 25.7957, 25.1447, 24.5033, 23.9263, 23.44, 23.0535, 22.7674, 22.5911, 22.5223, 22.5573, 22.6837, 22.8838, 23.1366, 23.3978, 23.6117
0.304149, 27.708, 26.3337, 25.0261, 23.8689, 22.9563, 22.3294, 21.9199, 21.6832, 21.6717, 21.9188, 22.3543, 22.8949, 23.6081, 24.5128, 25.4585, 26.2683, 26.7434, 26.743, 26.3718, 25.7968, 25.1458, 24.5045, 23.9276, 23.4414, 23.055, 22.7692, 22.5931, 22.5244, 22.5596, 22.6862, 22.8866, 23.1394, 23.4008, 23.6148
0.304375, 27.7082, 26.3338, 25.0263, 23.8692, 22.9567, 22.3299, 21.9206, 21.6839, 21.6727, 21.92, 22.3555, 22.8963, 23.6096, 24.5144, 25.4602, 26.2699, 26.7449, 26.7443, 26.3729, 25.7978, 25.1469, 24.5056, 23.9288, 23.4427, 23.0565, 22.7708, 22.5949, 22.5265, 22.5617, 22.6886, 22.8892, 23.1422, 23.4038, 23.6177
0.30459, 27.7084, 26.334, 25.0266, 23.8694, 22.9571, 22.3304, 21.9212, 21.6847, 21.6736, 21.9211, 22.3568, 22.8977, 23.6111, 24.516, 25.4617, 26.2714, 26.7463, 26.7455, 26.374, 25.7988, 25.1478, 24.5066, 23.9299, 23.444, 23.0579, 22.7724, 22.5967, 22.5284, 22.5639, 22.6909, 22.8918, 23.1449, 23.4067, 23.6206
0.304795, 27.7086, 26.3342, 25.0267, 23.8697, 22.9574, 22.3309, 21.9218, 21.6854, 21.6745, 21.9221, 22.358, 22.899, 23.6125, 24.5175, 25.4632, 26.2729, 26.7477, 26.7467, 26.375, 25.7997, 25.1488, 24.5076, 23.931, 23.4452, 23.0593, 22.774, 22.5984, 22.5303, 22.5659, 22.6932, 22.8943, 23.1475, 23.4095, 23.6234
0.304991, 27.7088, 26.3344, 25.0269, 23.8699, 22.9577, 22.3314, 21.9224, 21.6861, 21.6753, 21.9232, 22.3592, 22.9003, 23.6139, 24.519, 25.4647, 26.2743, 26.749, 26.7478, 26.3759, 25.8006, 25.1497, 24.5085, 23.932, 23.4464, 23.0606, 22.7754, 22.6001, 22.5322, 22.568, 22.6954, 22.8967, 23.15, 23.4122, 23.6261
0.305178, 27.709, 26.3345, 25.0271, 23.8701, 22.9581, 22.3318, 21.923, 21.6868, 21.6762, 21.9242, 22.3603, 22.9015, 23.6152, 24.5204, 25.4661, 26.2757, 26.7503, 26.7489, 26.3769, 25.8014, 25.1505, 24.5095, 23.933, 23.4475, 23.0619, 22.7769, 22.6017, 22.534, 22.5699, 22.6976, 22.8991, 23.1525, 23.4149, 23.6288
0.305356, 27.7091, 26.3347, 25.0273, 23.8704, 22.9584, 22.3322, 21.9235, 21.6875, 21.677, 21.9251, 22.3614, 22.9027, 23.6165, 24.5218, 25.4675, 26.277, 26.7515, 26.7499, 26.3777, 25.8023, 25.1513, 24.5103, 23.934, 23.4486, 23.0631, 22.7782, 22.6033, 22.5357, 22.5718, 22.6996, 22.9013, 23.1549, 23.4174, 23.6314
0.305526, 27.7093, 26.3348, 25.0274, 23.8706, 22.9587, 22.3327, 21.924, 21.6881, 21.6777, 21.9261, 22.3625, 22.9038, 23.6178, 24.5231, 25.4688, 26.2782, 26.7527, 26.7509, 26.3786, 25.803, 25.1521, 24.5111, 23.9349, 23.4496, 23.0642, 22.7795, 22.6047, 22.5373, 22.5736, 22.7017, 22.9035, 23.1572, 23.4199, 23.6339
0.305688, 27.7094, 26.335, 25.0276, 23.8708, 22.959, 22.3331, 21.9246, 21.6888, 21.6785, 21.927, 22.3635, 22.9049, 23.619, 24.5244, 25.4701, 26.2795, 26.7538, 26.7518, 26.3794, 25.8038, 25.1528, 24.5119, 23.9358, 23.4506, 23.0653, 22.7808, 22.6062, 22.5389, 22.5754, 22.7036, 22.9057, 23.1594, 23.4223, 23.6363
0.305842, 27.7096, 26.3351, 25.0277, 23.8709, 22.9592, 22.3335, 21.9251, 21.6894, 21.6792, 21.9279, 22.3645, 22.906, 23.6201, 24.5257, 25.4713, 26.2806, 26.7549, 26.7527, 26.3801, 25.8045, 25.1535, 24.5127, 23.9366, 23.4515, 23.0664, 22.782, 22.6075, 22.5405, 22.5771, 22.7055, 22.9077, 23.1616, 23.4246, 23.6386
0.305989, 27.7097, 26.3352, 25.0279, 23.8711, 22.9595, 22.3338, 21.9256, 21.69, 21.6799, 21.9287, 22.3655, 22.9071, 23.6213, 24.5269, 25.4725, 26.2818, 26.7559, 26.7536, 26.3809, 25.8051, 25.1542, 24.5134, 23.9374, 23.4524, 23.0674, 22.7832, 22.6089, 22.542, 22.5787, 22.7073, 22.9097, 23.1637, 23.4268, 23.6408
0.306129, 27.7098, 26.3354, 25.028, 23.8713, 22.9598, 22.3342, 21.926, 21.6905, 21.6806, 21.9296, 22.3664, 22.9081, 23.6224, 24.528, 25.4736, 26.2828, 26.7569, 26.7544, 26.3816, 25.8058, 25.1549, 24.5141, 23.9381, 23.4533, 23.0684, 22.7843, 22.6101, 22.5434, 22.5803, 22.7091, 22.9116, 23.1658, 23.429, 23.643
0.306263, 27.71, 26.3355, 25.0282, 23.8715, 22.96, 22.3346, 21.9265, 21.6911, 21.6813, 21.9304, 22.3673, 22.9091, 23.6234, 24.5292, 25.4747, 26.2839, 26.7578, 26.7552, 26.3822, 25.8064, 25.1555, 24.5147, 23.9389, 23.4541, 23.0693, 22.7854, 22.6114, 22.5448, 22.5818, 22.7108, 22.9135, 23.1677, 23.431, 23.6451
0.306391, 27.7101, 26.3356, 25.0283, 23.8716, 22.9603, 22.3349, 21.9269, 21.6916, 21.6819, 21.9312, 22.3682, 22.91, 23.6245, 24.5303, 25.4758, 26.2849, 26.7588, 26.7559, 26.3829, 25.807, 25.156, 24.5153, 23.9396, 23.4549, 23.0702, 22.7864, 22.6125, 22.5461, 22.5833, 22.7124, 22.9153, 23.1696, 23.433, 23.6471
0.306512, 27.7102, 26.3357, 25.0284, 23.8718, 22.9605, 22.3353, 21.9273, 21.6921, 21.6826, 21.9319, 22.3691, 22.9109, 23.6255, 24.5313, 25.4768, 26.2859, 26.7596, 26.7567, 26.3835, 25.8075, 25.1566, 24.5159, 23.9402, 23.4556, 23.0711, 22.7874, 22.6137, 22.5474, 22.5847, 22.714, 22.917, 23.1715, 23.435, 23.6491
0.306628, 27.7103, 26.3358, 25.0285, 23.8719, 22.9607, 22.3356, 21.9278, 21.6926, 21.6832, 21.9327, 22.3699, 22.9118, 23.6264, 24.5323, 25.4778, 26.2868, 26.7605, 26.7574, 26.384, 25.808, 25.1571, 24.5165, 23.9409, 23.4564, 23.0719, 22.7883, 22.6148, 22.5486, 22.5861, 22.7155, 22.9187, 23.1732, 23.4368, 23.651
0.306739, 27.7104, 26.3359, 25.0286, 23.8721, 22.9609, 22.3359, 21.9282, 21.6931, 21.6838, 21.9334, 22.3707, 22.9127, 23.6274, 24.5333, 25.4788, 26.2877, 26.7613, 26.758, 26.3846, 25.8085, 25.1576, 24.517, 23.9415, 23.457, 23.0727, 22.7892, 22.6158, 22.5498, 22.5874, 22.717, 22.9203, 23.1749, 23.4387, 23.6528
0.306844, 27.7105, 26.336, 25.0287, 23.8722, 22.9611, 22.3362, 21.9286, 21.6936, 21.6843, 21.9341, 22.3715, 22.9135, 23.6283, 24.5343, 25.4797, 26.2886, 26.762, 26.7587, 26.3851, 25.809, 25.1581, 24.5175, 23.942, 23.4577, 23.0735, 22.7901, 22.6168, 22.5509, 22.5887, 22.7184, 22.9219, 23.1766, 23.4404, 23.6545
0.306945, 27.7106, 26.3361, 25.0288, 23.8724, 22.9613, 22.3365, 21.9289, 21.694, 21.6849, 21.9347, 22.3723, 22.9143, 23.6291, 24.5352, 25.4806, 26.2894, 26.7628, 26.7593, 26.3856, 25.8095, 25.1586, 24.518, 23.9426, 23.4583, 23.0742, 22.791, 22.6178, 22.552, 22.59, 22.7198, 22.9234, 23.1782, 23.4421, 23.6562
0.30704, 27.7107, 26.3362, 25.0289, 23.8725, 22.9615, 22.3368, 21.9293, 21.6945, 21.6854, 21.9354, 22.373, 22.9151, 23.63, 24.5361, 25.4815, 26.2902, 26.7635, 26.7598, 26.3861, 25.8099, 25.159, 24.5185, 23.9431, 23.4589, 23.0749, 22.7918, 22.6187, 22.5531, 22.5911, 22.7211, 22.9248, 23.1797, 23.4437, 23.6578
0.307132, 27.7107, 26.3362, 25.029, 23.8726, 22.9617, 22.3371, 21.9296, 21.6949, 21.6859, 21.936, 22.3737, 22.9159, 23.6308, 24.537, 25.4823, 26.291, 26.7642, 26.7604, 26.3866, 25.8103, 25.1594, 24.5189, 23.9436, 23.4595, 23.0756, 22.7925, 22.6196, 22.5541, 22.5923, 22.7224, 22.9262, 23.1812, 23.4453, 23.6594
0.307219, 27.7108, 26.3363, 25.0291, 23.8727, 22.9619, 22.3373, 21.93, 21.6953, 21.6864, 21.9367, 22.3744, 22.9166, 23.6316, 24.5378, 25.4832, 26.2918, 26.7649, 26.7609, 26.387, 25.8107, 25.1598, 24.5194, 23.9441, 23.4601, 23.0762, 22.7933, 22.6205, 22.5551, 22.5934, 22.7236, 22.9276, 23.1826, 23.4468, 23.6609
0.307302, 27.7109, 26.3364, 25.0292, 23.8728, 22.9621, 22.3376, 21.9303, 21.6957, 21.6869, 21.9373, 22.3751, 22.9173, 23.6323, 24.5386, 25.4839, 26.2925, 26.7655, 26.7614, 26.3874, 25.8111, 25.1602, 24.5198, 23.9446, 23.4606, 23.0768, 22.794, 22.6213, 22.5561, 22.5945, 22.7248, 22.9289, 23.184, 23.4482, 23.6624
0.307381, 27.711, 26.3365, 25.0293, 23.873, 22.9623, 22.3378, 21.9306, 21.6961, 21.6874, 21.9378, 22.3757, 22.918, 23.6331, 24.5394, 25.4847, 26.2932, 26.7661, 26.7619, 26.3878, 25.8114, 25.1605, 24.5202, 23.945, 23.4611, 23.0774, 22.7947, 22.6221, 22.557, 22.5955, 22.726, 22.9302, 23.1854, 23.4496, 23.6638
0.307456, 27.7111, 26.3365, 25.0294, 23.8731, 22.9624, 22.3381, 21.931, 21.6965, 21.6879, 21.9384, 22.3764, 22.9187, 23.6338, 24.5402, 25.4854, 26.2939, 26.7667, 26.7624, 26.3882, 25.8118, 25.1609, 24.5205, 23.9454, 23.4616, 23.078, 22.7954, 22.6229, 22.5579, 22.5965, 22.7271, 22.9314, 23.1866, 23.451, 23.6651
0.307528, 27.7111, 26.3366, 25.0294, 23.8732, 22.9626, 22.3383, 21.9313, 21.6968, 21.6883, 21.9389, 22.377, 22.9193, 23.6345, 24.5409, 25.4861, 26.2945, 26.7673, 26.7628, 26.3886, 25.8121, 25.1612, 24.5209, 23.9458, 23.4621, 23.0785, 22.796, 22.6236, 22.5587, 22.5974, 22.7282, 22.9326, 23.1879, 23.4523, 23.6664
0.307597, 27.7112, 26.3367, 25.0295, 23.8733, 22.9627, 22.3385, 21.9315, 21.6972, 21.6887, 21.9395, 22.3776, 22.92, 23.6352, 24.5416, 25.4868, 26.2951, 26.7678, 26.7632, 26.3889, 25.8124, 25.1615, 24.5212, 23.9462, 23.4625, 23.0791, 22.7966, 22.6244, 22.5595, 22.5984, 22.7292, 22.9337, 23.1891, 23.4535, 23.6677
0.307662, 27.7112, 26.3367, 25.0296, 23.8734, 22.9629, 22.3388, 21.9318, 21.6975, 21.6892, 21.94, 22.3781, 22.9206, 23.6358, 24.5423, 25.4875, 26.2957, 26.7683, 26.7637, 26.3892, 25.8127, 25.1618, 24.5215, 23.9466, 23.463, 23.0796, 22.7972, 22.625, 22.5603, 22.5992, 22.7302, 22.9348, 23.1902, 23.4547, 23.6689
0.307724, 27.7113, 26.3368, 25.0296, 23.8734, 22.963, 22.339, 21.9321, 21.6979, 21.6896, 21.9405, 22.3787, 22.9212, 23.6365, 24.543, 25.4881, 26.2963, 26.7688, 26.764, 26.3895, 25.813, 25.1621, 24.5219, 23.9469, 23.4634, 23.08, 22.7978, 22.6257, 22.5611, 22.6001, 22.7311, 22.9358, 23.1914, 23.4559, 23.6701
0.307783, 27.7114, 26.3368, 25.0297, 23.8735, 22.9632, 22.3392, 21.9324, 21.6982, 21.69, 21.9409, 22.3792, 22.9217, 23.6371, 24.5436, 25.4887, 26.2969, 26.7693, 26.7644, 26.3898, 25.8133, 25.1624, 24.5222, 23.9473, 23.4638, 23.0805, 22.7983, 22.6263, 22.5618, 22.6009, 22.7321, 22.9368, 23.1924, 23.457, 23.6712
0.30784, 27.7114, 26.3369, 25.0298, 23.8736, 22.9633, 22.3394, 21.9326, 21.6985, 21.6903, 21.9414, 22.3798, 22.9223, 23.6377, 24.5443, 25.4894, 26.2974, 26.7697, 26.7648, 26.3901, 25.8135, 25.1626, 24.5224, 23.9476, 23.4641, 23.081, 22.7988, 22.6269, 22.5625, 22.6017, 22.733, 22.9378, 23.1935, 23.4581, 23.6723
0.307894, 27.7115, 26.3369, 25.0298, 23.8737, 22.9634, 22.3396, 21.9329, 21.6988, 21.6907, 21.9419, 22.3803, 22.9228, 23.6382, 24.5449, 25.4899, 26.2979, 26.7702, 26.7651, 26.3904, 25.8138, 25.1629, 24.5227, 23.9479, 23.4645, 23.0814, 22.7993, 22.6275, 22.5632, 22.6025, 22.7338, 22.9388, 23.1945, 23.4592, 23.6734
0.307946, 27.7115, 26.337, 25.0299, 23.8738, 22.9636, 22.3398, 21.9331, 21.6991, 21.6911, 21.9423, 22.3808, 22.9233, 23.6388, 24.5454, 25.4905, 26.2984, 26.7706, 26.7654, 26.3907, 25.814, 25.1631, 24.523, 23.9482, 23.4649, 23.0818, 22.7998, 22.6281, 22.5638, 22.6032, 22.7346, 22.9397, 23.1955, 23.4602, 23.6744
0.307995, 27.7115, 26.337, 25.0299, 23.8739, 22.9637, 22.34, 21.9334, 21.6994, 21.6914, 21.9427, 22.3812, 22.9238, 23.6393, 24.546, 25.491, 26.2989, 26.771, 26.7658, 26.3909, 25.8142, 25.1633, 24.5232, 23.9485, 23.4652, 23.0822, 22.8003, 22.6286, 22.5645, 22.6039, 22.7354, 22.9406, 23.1964, 23.4612, 23.6753
0.308041, 27.7116, 26.3371, 25.03, 23.8739, 22.9638, 22.3401, 21.9336, 21.6996, 21.6918, 21.9431, 22.3817, 22.9243, 23.6399, 24.5466, 25.4915, 26.2994, 26.7714, 26.7661, 26.3912, 25.8145, 25.1636, 24.5234, 23.9487, 23.4655, 23.0826, 22.8007, 22.6292, 22.5651, 22.6046, 22.7362, 22.9414, 23.1973, 23.4621, 23.6763
0.308086, 27.7116, 26.3371, 25.03, 23.874, 22.9639, 22.3403, 21.9338, 21.6999, 21.6921, 21.9435, 22.3822, 22.9248, 23.6404, 24.5471, 25.492, 26.2998, 26.7718, 26.7663, 26.3914, 25.8147, 25.1638, 24.5237, 23.949, 23.4658, 23.0829, 22.8011, 22.6297, 22.5656, 22.6053, 22.737, 22.9422, 23.1982, 23.463, 23.6772
0.308128, 27.7117, 26.3372, 25.0301, 23.8741, 22.964, 22.3405, 21.934, 21.7002, 21.6924, 21.9439, 22.3826, 22.9253, 23.6408, 24.5476, 25.4925, 26.3002, 26.7721, 26.7666, 26.3916, 25.8149, 25.164, 24.5239, 23.9492, 23.4661, 23.0833, 22.8016, 22.6301, 22.5662, 22.6059, 22.7377, 22.943, 23.199, 23.4639, 23.6781
