,0.3,0.32,0.34,0.36,0.38,0.4,0.42,0.44,0.46,0.48,0.5,0.52,0.54,0.56,0.58,0.6,0.62,0.64,0.66,0.68,0.7,0.72,0.74,0.76,0.78,0.8,0.82,0.84,0.86,0.88,0.9,0.92,0.94,0.96,0.98,1,1.02,1.04,1.06,1.08,1.1,1.12,1.14,1.16,1.18,1.2,1.22,1.24,1.26,1.28,1.3,1.32,1.34,1.36,1.38,1.4,1.42,1.44,1.46,1.48,1.5,1.52,1.54,1.56,1.58,1.6,1.62,1.64,1.66,1.68,1.7,1.72,1.74,1.76,1.78,1.8,1.82,1.84,1.86,1.88,1.9,1.92,1.94,1.96,1.98,2
4.23E-03,1.16E-05,1.28E-05,1.28E-05,1.21E-05,1.12E-05,1.02E-05,9.18E-06,8.30E-06,7.53E-06,6.86E-06,6.29E-06,5.80E-06,5.37E-06,5.01E-06,4.69E-06,4.41E-06,4.16E-06,3.95E-06,3.76E-06,3.58E-06,3.39E-06,3.25E-06,3.12E-06,3.01E-06,2.90E-06,2.81E-06,2.72E-06,2.63E-06,2.56E-06,2.49E-06,2.42E-06,2.35E-06,2.30E-06,2.24E-06,2.19E-06,2.14E-06,2.09E-06,2.04E-06,2.00E-06,1.96E-06,1.92E-06,1.88E-06,1.85E-06,1.81E-06,1.78E-06,1.75E-06,1.72E-06,1.69E-06,1.66E-06,1.63E-06,1.61E-06,1.58E-06,1.56E-06,1.53E-06,1.51E-06,1.49E-06,1.47E-06,1.45E-06,1.43E-06,1.41E-06,1.39E-06,1.37E-06,1.35E-06,1.33E-06,1.32E-06,1.30E-06,1.28E-06,1.27E-06,1.25E-06,1.24E-06,1.22E-06,1.21E-06,1.19E-06,1.18E-06,1.17E-06,1.16E-06,1.14E-06,1.13E-06,1.12E-06,1.11E-06,1.09E-06,1.08E-06,1.07E-06,1.06E-06,1.05E-06,1.04E-06
7.03E-03,1.89E-05,2.09E-05,2.08E-05,1.97E-05,1.82E-05,1.65E-05,1.50E-05,1.35E-05,1.23E-05,1.12E-05,1.02E-05,9.45E-06,8.76E-06,8.16E-06,7.64E-06,7.19E-06,6.79E-06,6.43E-06,6.12E-06,5.84E-06,5.59E-06,5.36E-06,5.15E-06,4.96E-06,4.79E-06,4.63E-06,4.48E-06,4.34E-06,4.21E-06,4.09E-06,3.98E-06,3.88E-06,3.78E-06,3.69E-06,3.60E-06,3.51E-06,3.44E-06,3.36E-06,3.29E-06,3.22E-06,3.16E-06,3.09E-06,3.03E-06,2.98E-06,2.92E-06,2.87E-06,2.82E-06,2.77E-06,2.72E-06,2.68E-06,2.64E-06,2.59E-06,2.55E-06,2.51E-06,2.47E-06,2.44E-06,2.40E-06,2.37E-06,2.33E-06,2.30E-06,2.27E-06,2.24E-06,2.21E-06,2.18E-06,2.15E-06,2.12E-06,2.10E-06,2.07E-06,2.04E-06,2.02E-06,2.00E-06,1.97E-06,1.95E-06,1.93E-06,1.90E-06,1.88E-06,1.86E-06,1.84E-06,1.82E-06,1.80E-06,1.78E-06,1.76E-06,1.74E-06,1.73E-06,1.71E-06,1.69E-06
1.36E-02,3.65E-05,4.03E-05,4.05E-05,3.84E-05,3.54E-05,3.21E-05,2.89E-05,2.62E-05,2.37E-05,2.16E-05,1.98E-05,1.83E-05,1.69E-05,1.58E-05,1.48E-05,1.39E-05,1.31E-05,1.24E-05,1.18E-05,1.13E-05,1.08E-05,1.04E-05,9.96E-06,9.60E-06,9.26E-06,8.95E-06,8.66E-06,8.40E-06,8.15E-06,7.92E-06,7.70E-06,7.50E-06,7.31E-06,7.13E-06,6.96E-06,6.80E-06,6.65E-06,6.50E-06,6.36E-06,6.23E-06,6.10E-06,5.98E-06,5.87E-06,5.76E-06,5.65E-06,5.55E-06,5.45E-06,5.36E-06,5.27E-06,5.18E-06,5.10E-06,5.02E-06,4.94E-06,4.86E-06,4.79E-06,4.72E-06,4.65E-06,4.58E-06,4.51E-06,4.45E-06,4.39E-06,4.33E-06,4.27E-06,4.21E-06,4.16E-06,4.11E-06,4.05E-06,4.00E-06,3.95E-06,3.91E-06,3.86E-06,3.81E-06,3.77E-06,3.72E-06,3.68E-06,3.64E-06,3.60E-06,3.56E-06,3.52E-06,3.48E-06,3.45E-06,3.41E-06,3.37E-06,3.34E-06,3.30E-06,3.27E-06
2.56E-02,6.86E-05,7.57E-05,7.59E-05,7.20E-05,6.64E-05,6.03E-05,5.46E-05,4.93E-05,4.47E-05,4.08E-05,3.74E-05,3.44E-05,3.19E-05,2.97E-05,2.78E-05,2.62E-05,2.47E-05,2.34E-05,2.22E-05,2.12E-05,2.03E-05,1.95E-05,1.87E-05,1.80E-05,1.74E-05,1.68E-05,1.63E-05,1.58E-05,1.53E-05,1.49E-05,1.45E-05,1.41E-05,1.37E-05,1.34E-05,1.31E-05,1.28E-05,1.25E-05,1.22E-05,1.19E-05,1.17E-05,1.15E-05,1.12E-05,1.10E-05,1.08E-05,1.06E-05,1.04E-05,1.02E-05,1.01E-05,9.90E-06,9.73E-06,9.57E-06,9.42E-06,9.27E-06,9.13E-06,8.99E-06,8.86E-06,8.73E-06,8.60E-06,8.48E-06,8.36E-06,8.24E-06,8.13E-06,8.02E-06,7.92E-06,7.81E-06,7.71E-06,7.62E-06,7.52E-06,7.43E-06,7.34E-06,7.25E-06,7.16E-06,7.08E-06,7.00E-06,6.92E-06,6.84E-06,6.76E-06,6.69E-06,6.61E-06,6.54E-06,6.47E-06,6.40E-06,6.34E-06,6.27E-06,6.21E-06,6.14E-06
4.66E-02,0.000125083,0.000138085,0.0001384,0.000131366,0.000121072,0.00011,9.94E-05,8.99E-05,8.15E-05,7.43E-05,6.81E-05,6.28E-05,5.82E-05,5.42E-05,5.08E-05,4.77E-05,4.51E-05,4.28E-05,4.07E-05,3.88E-05,3.71E-05,3.56E-05,3.42E-05,3.30E-05,3.18E-05,3.07E-05,2.97E-05,2.88E-05,2.80E-05,2.72E-05,2.64E-05,2.58E-05,2.51E-05,2.45E-05,2.39E-05,2.33E-05,2.28E-05,2.23E-05,2.18E-05,2.14E-05,2.10E-05,2.05E-05,2.02E-05,1.98E-05,1.94E-05,1.91E-05,1.87E-05,1.84E-05,1.81E-05,1.78E-05,1.75E-05,1.72E-05,1.69E-05,1.67E-05,1.64E-05,1.62E-05,1.59E-05,1.57E-05,1.55E-05,1.53E-05,1.51E-05,1.49E-05,1.47E-05,1.45E-05,1.43E-05,1.41E-05,1.39E-05,1.37E-05,1.36E-05,1.34E-05,1.32E-05,1.31E-05,1.29E-05,1.28E-05,1.26E-05,1.25E-05,1.24E-05,1.22E-05,1.21E-05,1.20E-05,1.18E-05,1.17E-05,1.16E-05,1.15E-05,1.13E-05,1.12E-05
8.27E-02,0.000221797,0.000244853,0.000245427,0.000232929,0.000214664,0.000195045,0.000176296,0.00015938,0.000144555,0.000131755,0.000120743,0.000111287,0.000103145,9.61E-05,9.00E-05,8.46E-05,7.99E-05,7.58E-05,7.21E-05,6.88E-05,6.58E-05,6.31E-05,6.06E-05,5.84E-05,5.64E-05,5.45E-05,5.27E-05,5.11E-05,4.96E-05,4.82E-05,4.69E-05,4.56E-05,4.45E-05,4.34E-05,4.24E-05,4.14E-05,4.04E-05,3.96E-05,3.87E-05,3.79E-05,3.71E-05,3.64E-05,3.57E-05,3.50E-05,3.44E-05,3.38E-05,3.32E-05,3.26E-05,3.21E-05,3.15E-05,3.10E-05,3.05E-05,3.00E-05,2.96E-05,2.91E-05,2.87E-05,2.83E-05,2.79E-05,2.75E-05,2.71E-05,2.67E-05,2.63E-05,2.60E-05,2.56E-05,2.53E-05,2.50E-05,2.47E-05,2.44E-05,2.41E-05,2.38E-05,2.35E-05,2.32E-05,2.29E-05,2.27E-05,2.24E-05,2.22E-05,2.19E-05,2.17E-05,2.14E-05,2.12E-05,2.10E-05,2.07E-05,2.05E-05,2.03E-05,2.01E-05,1.99E-05
1.43E-01,0.000383999,0.000422159,0.000423104,0.000401601,0.000370109,0.000336283,0.000303948,0.000274793,0.000249233,0.000227164,0.000208177,0.000191869,0.000177831,0.000165697,0.00015515,0.000145941,0.000137833,0.000130662,0.000124282,0.00011857,0.000113434,0.000108787,0.000104561,0.000100705,9.72E-05,9.39E-05,9.09E-05,8.81E-05,8.55E-05,8.31E-05,8.08E-05,7.87E-05,7.67E-05,7.48E-05,7.30E-05,7.13E-05,6.97E-05,6.82E-05,6.68E-05,6.54E-05,6.41E-05,6.28E-05,6.16E-05,6.04E-05,5.93E-05,5.82E-05,5.72E-05,5.62E-05,5.53E-05,5.44E-05,5.35E-05,5.26E-05,5.18E-05,5.10E-05,5.02E-05,4.95E-05,4.87E-05,4.80E-05,4.74E-05,4.67E-05,4.60E-05,4.54E-05,4.48E-05,4.42E-05,4.36E-05,4.31E-05,4.25E-05,4.20E-05,4.15E-05,4.10E-05,4.05E-05,4.00E-05,3.95E-05,3.91E-05,3.86E-05,3.82E-05,3.78E-05,3.73E-05,3.69E-05,3.65E-05,3.61E-05,3.58E-05,3.54E-05,3.50E-05,3.47E-05,3.43E-05
2.40E-01,0.000645365,0.000713268,0.000714551,0.000677953,0.000623206,0.000566249,0.000511802,0.000462709,0.00041967,0.00038251,0.00035054,0.000323078,0.000299442,0.00027901,0.00026125,0.000245744,0.000232091,0.000220016,0.000209273,0.000199655,0.000191007,0.000183182,0.000176066,0.000169574,0.000163617,0.000158138,0.00015307,0.000148371,0.000143999,0.000139919,0.0001361,0.000132513,0.000129142,0.000125972,0.000122957,0.000120122,0.000117413,0.000114846,0.000112415,0.000110085,0.000107861,0.000105735,0.0001037,0.000101749,9.99E-05,9.81E-05,9.64E-05,9.47E-05,9.31E-05,9.15E-05,9.00E-05,8.86E-05,8.72E-05,8.59E-05,8.46E-05,8.33E-05,8.21E-05,8.09E-05,7.97E-05,7.86E-05,7.75E-05,7.65E-05,7.55E-05,7.45E-05,7.35E-05,7.25E-05,7.16E-05,7.07E-05,6.99E-05,6.90E-05,6.82E-05,6.74E-05,6.66E-05,6.58E-05,6.50E-05,6.43E-05,6.36E-05,6.29E-05,6.22E-05,6.15E-05,6.09E-05,6.02E-05,5.96E-05,5.90E-05,5.84E-05,5.78E-05
3.93E-01,0.00105825,0.0011677,0.0011701,0.00111031,0.00102433,0.000930421,0.000840819,0.000760084,0.000688184,0.000627248,0.000574824,0.000529793,0.000491033,0.00045753,0.000428407,0.00040298,0.000380592,0.00036079,0.000343174,0.000327401,0.000313212,0.00030038,0.00028872,0.000278074,0.000268306,0.000259321,0.000251011,0.000243305,0.000236135,0.000229445,0.000223176,0.0002173,0.000211773,0.000206575,0.000201631,0.000196981,0.000192552,0.00018833,0.000184342,0.000180523,0.000176876,0.000173389,0.000170052,0.000166853,0.000163784,0.000160835,0.000158,0.000155272,0.000152643,0.000150109,0.000147658,0.000145297,0.000143014,0.000140807,0.000138666,0.000136597,0.000134592,0.000132644,0.000130758,0.000128923,0.000127146,0.000125419,0.000123736,0.000122103,0.00012051,0.000118964,0.000117453,0.000115987,0.000114552,0.000113159,0.000111795,0.000110464,0.00010917,0.000107902,0.000106669,0.000105459,0.000104277,0.000103125,0.000101996,0.000100895,9.98E-05,9.88E-05,9.77E-05,9.67E-05,9.57E-05,9.47E-05
6.32E-01,0.0016986,0.00187423,0.00187791,0.00178212,0.00164212,0.00149176,0.00134833,0.00121891,0.00110646,0.00100831,0.000923964,0.000851582,0.00078924,0.000735334,0.000688495,0.000647561,0.000611555,0.000579709,0.000550838,0.000525522,0.000502746,0.00048215,0.000463433,0.000446347,0.000430667,0.000416233,0.000402894,0.000390538,0.00037903,0.000368279,0.000358228,0.000348797,0.000339947,0.00033155,0.000323666,0.000316152,0.000309073,0.000302317,0.000295866,0.000289764,0.00028391,0.000278314,0.000272957,0.000267822,0.000262895,0.000258163,0.000253613,0.000249233,0.000245014,0.000240938,0.000237013,0.000233222,0.000229558,0.000226007,0.000222578,0.000219258,0.000216032,0.000212912,0.000209886,0.00020694,0.000204088,0.000201308,0.000198613,0.000195985,0.000193436,0.000190946,0.000188529,0.000186168,0.000183873,0.000181629,0.000179447,0.000177311,0.000175234,0.000173199,0.000171211,0.000169277,0.000167379,0.000165531,0.000163718,0.000161944,0.000160216,0.000158517,0.000156855,0.000155235,0.000153641,0.00015208
9.91E-01,0.00266384,0.00293925,0.00294528,0.00279479,0.00257519,0.0023394,0.00211449,0.00191153,0.00173364,0.00157994,0.00144785,0.00133443,0.00123677,0.00115242,0.00107904,0.00101491,0.000958529,0.000908635,0.000864761,0.000825,0.000789229,0.000756879,0.000727521,0.000700681,0.000676053,0.000653398,0.000632445,0.000613015,0.000594936,0.000578082,0.000562291,0.000547474,0.000533535,0.000520376,0.000507956,0.000496196,0.000485041,0.000474441,0.000464349,0.000454715,0.000445531,0.00043675,0.000428331,0.000420275,0.000412544,0.000405106,0.000397967,0.000391122,0.000384463,0.000378107,0.00037191,0.000365988,0.000360202,0.000354668,0.000349252,0.000344067,0.000339006,0.000334111,0.000329351,0.000324743,0.000320255,0.000315894,0.000311667,0.000307544,0.000303532,0.000299638,0.000295835,0.00029213,0.000288519,0.000285009,0.000281575,0.000278225,0.000274966,0.000271774,0.000268655,0.00026561,0.0002625,0.000259603,0.000256758,0.000253976,0.000251266,0.000248602,0.000245995,0.000243454,0.000240955,0.000238506
1.52E+00,0.00409036,0.00451321,0.00452202,0.00429124,0.00395418,0.00359214,0.0032468,0.00293508,0.002662,0.002426,0.00222319,0.00204898,0.00189919,0.00176957,0.0016569,0.00155843,0.00147182,0.00139525,0.0013271,0.00126611,0.00121121,0.00116159,0.00111647,0.00107531,0.00103754,0.00100277,0.000970635,0.000940895,0.000913088,0.000887218,0.00086306,0.000840261,0.00081894,0.000798763,0.000779648,0.000761669,0.000744543,0.00072827,0.000712778,0.000698009,0.000683909,0.000670429,0.000657525,0.000645156,0.000633289,0.00062189,0.000610908,0.000600359,0.000590197,0.000580379,0.000570924,0.000561793,0.000552949,0.000544415,0.000536156,0.000528139,0.000520389,0.000512856,0.000505566,0.000498472,0.0004916,0.000484905,0.000478415,0.000472085,0.000465943,0.000459948,0.000454126,0.000448438,0.00044291,0.000437505,0.000432233,0.000427106,0.000422085,0.000417184,0.000412414,0.000407737,0.000403311,0.000398844,0.000394475,0.000390202,0.000386023,0.000381948,0.000377944,0.000374024,0.000370185,0.000366426
2.29E+00,0.0061553,0.00679152,0.00680474,0.00645766,0.00595028,0.00540549,0.00488585,0.00441692,0.00400587,0.00365075,0.00334556,0.00308368,0.00285802,0.00266298,0.00249343,0.00234526,0.00221498,0.0020997,0.00199714,0.00190536,0.0018228,0.00174808,0.00168023,0.00161824,0.0015614,0.00150907,0.00146072,0.00141588,0.00137424,0.00133518,0.00129883,0.00126452,0.00123243,0.00120199,0.00117341,0.00114625,0.00112047,0.00109598,0.00107267,0.00105044,0.00102923,0.00100894,0.000989519,0.000970906,0.000953047,0.000935893,0.000919397,0.000903491,0.000888197,0.000873452,0.000859192,0.000845451,0.000832171,0.000819299,0.00080687,0.000794833,0.000783142,0.000771832,0.000760835,0.000750186,0.000739817,0.000729769,0.000719974,0.000710475,0.000701206,0.000692209,0.000683422,0.000674861,0.000666543,0.000658408,0.0006505,0.000642759,0.000635203,0.000627852,0.000620648,0.00061361,0.000606759,0.000600037,0.000593462,0.000587058,0.000580768,0.000574612,0.000568612,0.000562713,0.000556937,0.000551279
3.38E+00,0.00908627,0.0100256,0.010045,0.00953234,0.0087834,0.00797928,0.00721185,0.00652009,0.00591336,0.00538918,0.0049387,0.00455189,0.00421882,0.00393115,0.00368088,0.00346216,0.00326987,0.00309969,0.00294829,0.00281282,0.00269094,0.00258064,0.00248048,0.00238897,0.00230506,0.00222781,0.00215643,0.00209024,0.00202878,0.00197111,0.00191733,0.00186697,0.00181943,0.00177449,0.0017323,0.00169219,0.00165415,0.00161789,0.00158363,0.00155081,0.00151949,0.00148954,0.00146082,0.00143334,0.00140698,0.00138165,0.0013573,0.00133386,0.00131124,0.00128947,0.00126847,0.00124813,0.00122853,0.00120957,0.00119118,0.00117341,0.00115615,0.00113945,0.00112322,0.00110749,0.00109219,0.00107736,0.00106289,0.00104887,0.00103519,0.0010219,0.00100893,0.000996332,0.000984014,0.000972005,0.00096033,0.000948901,0.000937784,0.000926895,0.000916259,0.000905905,0.000895753,0.000885828,0.000876158,0.000866668,0.000857381,0.000848295,0.000839437,0.000830729,0.0008222,0.000813882
4.90E+00,0.0131697,0.0145302,0.0145581,0.0138151,0.0127301,0.0115644,0.0104522,0.00944978,0.00857074,0.00781087,0.00715802,0.00659744,0.00611475,0.00569786,0.00533531,0.00501819,0.00473951,0.00449287,0.00427345,0.00407711,0.00390046,0.00374071,0.00359543,0.00346279,0.00334117,0.00322921,0.00312574,0.0030298,0.00294053,0.00285714,0.00277917,0.00270618,0.00263711,0.00257238,0.00251099,0.00245285,0.0023977,0.00234514,0.00229548,0.00224792,0.00220251,0.0021591,0.00211755,0.00207765,0.00203943,0.00200272,0.00196742,0.00193345,0.00190066,0.00186911,0.00183866,0.00180919,0.00178077,0.00175329,0.00172663,0.00170087,0.00167585,0.00165165,0.00162812,0.00160533,0.00158314,0.00156164,0.00154068,0.00152035,0.00150052,0.00148127,0.00146246,0.0014442,0.00142634,0.00140894,0.00139201,0.00137545,0.00135933,0.00134355,0.00132813,0.00131312,0.00129841,0.00128402,0.00127001,0.00125625,0.00124279,0.00122967,0.00121678,0.00120415,0.00119179,0.00117974
6.98E+00,0.0187565,0.0206934,0.0207327,0.0196745,0.0181289,0.0164695,0.0148858,0.0134583,0.0122062,0.0111245,0.0101948,0.00939653,0.00870916,0.00811548,0.00759899,0.0071476,0.00675073,0.00639949,0.006087,0.00580737,0.00555579,0.00532811,0.00512134,0.00493243,0.00475921,0.00459974,0.00445237,0.00431572,0.00418857,0.00406978,0.00395874,0.00385441,0.00375638,0.00366384,0.00357673,0.00349393,0.00341537,0.00334051,0.00326945,0.00320202,0.00313734,0.00307551,0.00301621,0.00295948,0.00290505,0.00285276,0.00280248,0.00275409,0.00270738,0.00266243,0.00261906,0.00257708,0.0025366,0.00249746,0.00245948,0.00242279,0.00238715,0.00235269,0.00231916,0.0022867,0.0022551,0.00222447,0.00219461,0.00216565,0.0021374,0.00210998,0.00208319,0.00205718,0.00203174,0.00200695,0.00198284,0.00195924,0.00193621,0.00191381,0.00189185,0.00187047,0.0018495,0.00182901,0.00180905,0.00178945,0.00177028,0.00175152,0.00173323,0.00171525,0.00169764,0.00168047
9.78E+00,0.0262713,0.0289826,0.029037,0.0275547,0.0253903,0.0230666,0.0208489,0.0188499,0.0170965,0.0155817,0.0142797,0.0131618,0.0121992,0.0113678,0.0106445,0.0100124,0.00945656,0.00896462,0.00852696,0.00813533,0.00778296,0.00746405,0.00717443,0.00690982,0.00666718,0.0064438,0.00623737,0.00604594,0.00586765,0.00570144,0.00554621,0.00539972,0.00526273,0.00513276,0.00501026,0.00489474,0.0047847,0.00468012,0.00458057,0.00448567,0.00439506,0.00430844,0.00422551,0.00414603,0.00406978,0.00399653,0.00392608,0.00385817,0.00379286,0.00372989,0.003669,0.00361033,0.00355362,0.00349865,0.00344558,0.00339418,0.00334425,0.00329597,0.003249,0.00320353,0.00315925,0.00311635,0.00307451,0.00303395,0.00299437,0.00295595,0.00291842,0.00288187,0.00284635,0.00281161,0.00277784,0.00274478,0.00271252,0.00268113,0.00265036,0.00262031,0.00259105,0.00256234,0.00253427,0.00250692,0.00248006,0.00245378,0.00242815,0.00240296,0.0023783,0.00235413
1.35E+01,0.0362151,0.0399457,0.040022,0.0379765,0.034997,0.0317947,0.0287377,0.0259815,0.0235673,0.0214796,0.0196853,0.0181441,0.0168175,0.0156708,0.0146752,0.013804,0.0130376,0.0123599,0.0117566,0.0112168,0.0107308,0.0102915,0.00989191,0.0095274,0.00919289,0.00888493,0.00860032,0.00833614,0.00809058,0.00786141,0.0076467,0.00744543,0.00725588,0.0070778,0.00690844,0.00674852,0.00659744,0.00645325,0.006316,0.00618513,0.0060602,0.00594076,0.00582643,0.00571684,0.00561169,0.0055105,0.00541338,0.00531991,0.00522986,0.00514287,0.00505909,0.00497819,0.00489982,0.0048242,0.00475102,0.00467998,0.00461131,0.00454456,0.00447996,0.00441711,0.00435622,0.0042969,0.00423937,0.00418328,0.00412885,0.00407573,0.00402414,0.00397374,0.00392461,0.00387687,0.00383015,0.00378472,0.00374023,0.0036968,0.00365453,0.00361309,0.0035726,0.00353316,0.00349445,0.00345659,0.0034197,0.00338346,0.00334799,0.00331339,0.00327938,0.00324607
1.83E+01,0.0491675,0.0542272,0.0543303,0.0515514,0.0475048,0.0431617,0.039014,0.0352724,0.0319941,0.0291624,0.0267271,0.0246359,0.0228353,0.0212783,0.0199259,0.0187445,0.0177048,0.0167843,0.0159654,0.0152325,0.0145731,0.0139766,0.0134341,0.0129388,0.0124846,0.0120664,0.01168,0.0113216,0.0109881,0.0106766,0.0103853,0.0101117,0.00985457,0.00961184,0.00938334,0.00916613,0.00895951,0.00876371,0.00857732,0.00839958,0.00822993,0.00806773,0.00791246,0.00776417,0.00762137,0.0074842,0.00735228,0.00722534,0.0071028,0.00698489,0.00687111,0.006761,0.0066548,0.00655211,0.00645248,0.00635623,0.00626273,0.00617231,0.00608458,0.00599921,0.00591652,0.00583595,0.00575758,0.00568162,0.0056075,0.00553556,0.00546529,0.00539704,0.00533032,0.00526527,0.00520203,0.00514012,0.00507991,0.00502092,0.00496331,0.00490723,0.00485223,0.00479847,0.00474609,0.00469468,0.00464438,0.00459535,0.00454717,0.0045,0.00445381,0.00440875
2.45E+01,0.0660705,0.0725529,0.0726796,0.0689679,0.0635533,0.0577466,0.052198,0.0471951,0.0428091,0.0390229,0.0357655,0.0329674,0.0305589,0.0284772,0.0266675,0.0250858,0.023695,0.0224655,0.0213699,0.0203894,0.0195071,0.0187084,0.0179824,0.0173201,0.0167122,0.0161526,0.0156353,0.0151552,0.0147089,0.0142923,0.0139021,0.0135362,0.0131917,0.0128667,0.0125601,0.0122694,0.0119936,0.0117326,0.0114831,0.0112452,0.011018,0.0108009,0.0105931,0.0103939,0.0102027,0.0100181,0.00984214,0.00967222,0.0095085,0.00935068,0.00919804,0.00905095,0.00890879,0.00877101,0.00863796,0.0085088,0.00838395,0.00826261,0.00814518,0.00803119,0.00792019,0.00781263,0.00770771,0.00760574,0.0075068,0.0074102,0.00731642,0.00722478,0.00713574,0.00704865,0.00696373,0.00688114,0.00680025,0.00672128,0.00664444,0.00656909,0.00649572,0.00642375,0.00635339,0.00628456,0.00621748,0.0061516,0.0060871,0.00602421,0.00596237,0.0059018
3.24E+01,0.0869523,0.0960831,0.0962044,0.0909883,0.0838491,0.0761824,0.0688736,0.062274,0.0564895,0.0514915,0.0471994,0.0435101,0.0403333,0.0375863,0.0351994,0.0331131,0.0312784,0.0296564,0.0282109,0.0269172,0.0257529,0.0246989,0.0237416,0.0228667,0.0220644,0.0213257,0.020643,0.0200098,0.0194206,0.0188702,0.0183555,0.017872,0.0174177,0.0169887,0.0165834,0.0161995,0.0158369,0.0154899,0.0151605,0.0148464,0.0145465,0.0142599,0.0139864,0.0137234,0.013471,0.0132286,0.0129941,0.0127697,0.0125545,0.0123461,0.0121437,0.0119504,0.0117627,0.0115799,0.0114051,0.011235,0.0110697,0.0109099,0.0107544,0.0106039,0.0104574,0.0103154,0.0101768,0.0100426,0.00991155,0.00978439,0.0096602,0.00953956,0.00942164,0.00930666,0.00919488,0.00908546,0.00897904,0.00887477,0.00877295,0.00867383,0.0085766,0.00848158,0.008389,0.00829814,0.00820922,0.00812223,0.00803741,0.00795403,0.0078724,0.00779275
4.23E+01,0.113213,0.124792,0.124965,0.1188,0.109158,0.0991818,0.0896646,0.0810847,0.0735595,0.0670534,0.0614627,0.0566618,0.0525322,0.0489573,0.045852,0.0431366,0.0407475,0.0386325,0.0367519,0.0350697,0.0335536,0.032182,0.0309343,0.0297949,0.0287499,0.0277877,0.0268983,0.0260735,0.0253059,0.0245888,0.0239183,0.0232883,0.0226964,0.0221375,0.0216094,0.0211099,0.0206356,0.0201847,0.0197555,0.0193461,0.0189554,0.0185819,0.0182244,0.0178817,0.017554,0.0172381,0.0169325,0.0166402,0.0163586,0.0160882,0.0158261,0.0155714,0.015328,0.0150914,0.014862,0.0146404,0.014424,0.0142168,0.0140147,0.0138181,0.0136276,0.0134421,0.013262,0.0130865,0.0129163,0.0127501,0.0125883,0.0124311,0.0122774,0.012128,0.0119819,0.0118393,0.0117006,0.0115648,0.0114326,0.0113029,0.0111762,0.0110529,0.0109318,0.0108134,0.0106975,0.0105846,0.0104736,0.010365,0.010259,0.0101548
5.44E+01,0.145562,0.160388,0.160608,0.152377,0.14069,0.127814,0.115263,0.104233,0.0945748,0.0862164,0.0790334,0.0728653,0.067554,0.062963,0.0589769,0.0554879,0.0524178,0.0497006,0.0472821,0.0451171,0.0431706,0.0414034,0.0398025,0.038335,0.0369943,0.0357566,0.0346126,0.0335505,0.0325632,0.0316416,0.030778,0.0299685,0.0292059,0.0284869,0.0278083,0.0271649,0.0265544,0.0259743,0.0254221,0.0248953,0.0243926,0.023912,0.0234519,0.0230109,0.0225878,0.0221829,0.0217896,0.0214134,0.021051,0.0207031,0.0203638,0.0200382,0.0197249,0.0194185,0.0191239,0.0188401,0.0185616,0.018295,0.018033,0.017782,0.0175369,0.0172981,0.0170663,0.0168405,0.0166214,0.0164076,0.0162,0.0159971,0.0157981,0.0156071,0.0154191,0.0152362,0.0150571,0.0148823,0.0147122,0.0145453,0.0143823,0.0142236,0.0140678,0.0139154,0.0137668,0.013621,0.0134781,0.0133389,0.013202,0.0130679
6.92E+01,0.184894,0.203665,0.2039,0.193435,0.178276,0.161999,0.14673,0.132688,0.120113,0.109516,0.100401,0.0925733,0.0858327,0.0800066,0.0749416,0.0705198,0.0666228,0.0631728,0.0601021,0.0573527,0.0548758,0.0526356,0.0505975,0.0487373,0.0470296,0.045457,0.0440032,0.0426574,0.0414024,0.040231,0.0391333,0.0381043,0.0371349,0.0362209,0.0353582,0.0345402,0.0337642,0.0330267,0.0323246,0.0316547,0.0310156,0.0304046,0.0298196,0.029259,0.028721,0.0282043,0.0277061,0.0272279,0.0267671,0.0263229,0.0258933,0.0254793,0.0250792,0.0246914,0.0243169,0.023956,0.0236019,0.0232612,0.0229298,0.0226089,0.0222965,0.0219937,0.0216981,0.0214135,0.0211325,0.020863,0.0205966,0.020341,0.0200879,0.0198452,0.0196061,0.0193713,0.0191459,0.018922,0.0187072,0.0184951,0.0182863,0.018086,0.0178878,0.0176926,0.0175053,0.0173198,0.0171381,0.0169611,0.016787,0.0166165
8.71E+01,0.232111,0.255589,0.255841,0.242716,0.223683,0.20328,0.183836,0.166274,0.151125,0.137792,0.126061,0.116255,0.107801,0.100494,0.0941416,0.0885883,0.0837072,0.079371,0.0755245,0.0720738,0.0689642,0.0661516,0.0635922,0.0612561,0.0591111,0.0571356,0.0553092,0.0536185,0.0520417,0.0505653,0.0491904,0.0478974,0.0466793,0.0455306,0.0444464,0.0434184,0.0424431,0.0415162,0.0406338,0.0397917,0.0389884,0.0382205,0.0374852,0.0367806,0.0361044,0.0354549,0.0348286,0.0342275,0.0336484,0.03309,0.03255,0.0320296,0.0315267,0.0310391,0.0305684,0.0301115,0.0296697,0.0292414,0.0288248,0.0284215,0.0280287,0.0276482,0.0272763,0.0269166,0.0265654,0.0262267,0.0258918,0.0255675,0.0252524,0.0249443,0.0246467,0.0243514,0.0240682,0.0237868,0.0235139,0.0232501,0.0229876,0.022733,0.0224868,0.0222413,0.0220031,0.0217727,0.0215443,0.021319,0.0211029,0.0208886
1.08E+02,0.288179,0.317167,0.317446,0.301125,0.277527,0.25226,0.228127,0.206363,0.187302,0.170805,0.15687,0.144664,0.134151,0.125064,0.116961,0.110074,0.104011,0.0986392,0.0938586,0.0895763,0.0857239,0.0822317,0.0790532,0.0761518,0.0734872,0.071033,0.0687638,0.0666568,0.0646975,0.0628685,0.0611542,0.0595473,0.0580333,0.056611,0.0552581,0.0539855,0.0527731,0.0516209,0.0505239,0.0494768,0.0484782,0.0475235,0.0466095,0.0457334,0.0448928,0.0440852,0.0433065,0.0425591,0.0418391,0.0411449,0.0404735,0.0398265,0.0392012,0.0385951,0.0380098,0.0374417,0.0368924,0.0363599,0.035842,0.0353405,0.0348521,0.034379,0.0339163,0.033469,0.0330324,0.0326075,0.0321948,0.0317916,0.0313999,0.0310167,0.0306431,0.0302796,0.0299238,0.0295775,0.0292381,0.0289067,0.0285839,0.0282672,0.0279576,0.0276559,0.0273596,0.0270697,0.0267892,0.026509,0.026237,0.0259705
1.34E+02,0.35395,0.389401,0.389609,0.369571,0.340652,0.309654,0.280079,0.253419,0.230021,0.209794,0.192423,0.177479,0.164617,0.153497,0.144043,0.135572,0.128123,0.12151,0.115625,0.110172,0.105436,0.101146,0.0972492,0.093681,0.090406,0.0873893,0.0845996,0.0820114,0.0796021,0.077353,0.0752446,0.0732683,0.0714062,0.0696504,0.0679926,0.066421,0.0649297,0.0635124,0.0621631,0.0608806,0.0596521,0.0584776,0.057353,0.0562753,0.055241,0.0542457,0.0532893,0.0523698,0.0514839,0.050628,0.0498037,0.0490076,0.0482366,0.0474925,0.0467724,0.0460733,0.0453975,0.0447406,0.0441049,0.0434863,0.042887,0.0423032,0.0417352,0.0411832,0.0406476,0.0401247,0.039617,0.0391208,0.0386388,0.0381674,0.0377075,0.0372604,0.0368225,0.036395,0.0359789,0.035571,0.0351738,0.0347841,0.0344031,0.0340305,0.0336673,0.0333105,0.0329613,0.0326207,0.0322859,0.0319579
1.63E+02,0.430296,0.473114,0.473252,0.448878,0.413765,0.37619,0.340349,0.307986,0.2796,0.255079,0.233971,0.215842,0.200246,0.186751,0.175029,0.164767,0.155747,0.147728,0.140597,0.134375,0.128609,0.123377,0.118619,0.114267,0.110273,0.1066,0.103199,0.10004,0.0969675,0.0942266,0.0916623,0.0892532,0.0869887,0.0848504,0.0828292,0.0809178,0.0791015,0.0773754,0.075732,0.0741625,0.0726663,0.0712358,0.0698662,0.0685535,0.0672983,0.0660881,0.0649162,0.0637963,0.0627172,0.0616811,0.060677,0.059701,0.058768,0.0578616,0.0569782,0.0561328,0.0553095,0.0545093,0.0537349,0.0529813,0.0522513,0.05154,0.0508475,0.050175,0.0495225,0.0488855,0.048267,0.0476626,0.0470735,0.046501,0.0459407,0.0453961,0.0448626,0.0443417,0.0438348,0.0433379,0.0428523,0.0423793,0.0419151,0.0414611,0.0410187,0.0405841,0.0401583,0.0397436,0.0393356,0.0389361
1.97E+02,0.517967,0.569157,0.569133,0.539788,0.497649,0.452511,0.409452,0.370627,0.336538,0.307088,0.281732,0.259967,0.241217,0.225006,0.210926,0.198601,0.187745,0.178102,0.169526,0.161853,0.154915,0.148633,0.142912,0.137682,0.13288,0.128451,0.124358,0.120567,0.117156,0.113845,0.110753,0.107842,0.105102,0.102518,0.100075,0.0977621,0.0955668,0.0934803,0.0915015,0.0895978,0.0877888,0.0860669,0.0844107,0.0827236,0.081204,0.0797441,0.0783378,0.0769865,0.075682,0.0744269,0.0732155,0.0720428,0.0709122,0.0698187,0.0687576,0.0677327,0.0667443,0.0657739,0.0648396,0.0639303,0.0630495,0.0621983,0.061355,0.0605505,0.0597608,0.0589944,0.0582459,0.0575187,0.0568079,0.0561104,0.055441,0.0547816,0.05414,0.0535115,0.0528977,0.0523001,0.0517141,0.0511413,0.0505832,0.0500354,0.0494994,0.048977,0.0484633,0.0479606,0.0474704,0.0469883
2.36E+02,0.617661,0.678183,0.677877,0.642936,0.592746,0.539131,0.487943,0.441785,0.40128,0.366222,0.336058,0.310176,0.28786,0.268597,0.251831,0.23716,0.224256,0.212768,0.202552,0.193391,0.185121,0.177624,0.170813,0.164573,0.158841,0.153558,0.148671,0.144131,0.139911,0.135962,0.132263,0.128791,0.125527,0.122445,0.119531,0.116782,0.114163,0.111674,0.109304,0.107038,0.10488,0.102814,0.100838,0.0990375,0.0972164,0.0954668,0.093781,0.0921615,0.0906095,0.0891048,0.0876525,0.0862499,0.0848942,0.0835831,0.0823139,0.0810849,0.0798938,0.0787387,0.0776181,0.0765304,0.075474,0.0744476,0.0734432,0.0724727,0.0715281,0.0706087,0.0697207,0.0688484,0.067998,0.0671689,0.0663604,0.0655715,0.0648015,0.0640497,0.0633154,0.0625981,0.061897,0.0612119,0.0605419,0.0598866,0.0591952,0.0585681,0.0579486,0.0573549,0.0567664,0.056185
2.81E+02,0.729905,0.800682,0.800051,0.758694,0.699624,0.636468,0.57619,0.521831,0.474116,0.432809,0.397294,0.36676,0.340469,0.317767,0.297998,0.28071,0.265495,0.251934,0.239877,0.229053,0.21929,0.210447,0.202378,0.194997,0.188217,0.181961,0.176176,0.170807,0.165816,0.161131,0.156765,0.152653,0.148782,0.145136,0.141684,0.138415,0.135313,0.132364,0.129556,0.126866,0.124309,0.121864,0.119523,0.117283,0.115137,0.113068,0.111074,0.109148,0.107311,0.105532,0.103811,0.102153,0.10055,0.0989969,0.0974965,0.0960403,0.0946323,0.0932639,0.0919394,0.0906505,0.0894018,0.0881855,0.0869941,0.0858471,0.0847279,0.0836415,0.0825806,0.0815469,0.0805423,0.07956,0.0786017,0.0776699,0.0767574,0.0758665,0.0749994,0.0741494,0.0733186,0.0725065,0.0717155,0.070939,0.0702341,0.0694905,0.0687615,0.0680545,0.0673565,0.0666672
3.31E+02,0.855053,0.937084,0.935934,0.887474,0.818423,0.744727,0.67445,0.61101,0.555282,0.50708,0.465581,0.429943,0.399236,0.372722,0.349642,0.329464,0.311656,0.295791,0.281687,0.269048,0.257607,0.247225,0.237767,0.229133,0.22118,0.213846,0.207058,0.20075,0.194879,0.18939,0.184246,0.179423,0.174877,0.170589,0.16655,0.162709,0.159064,0.155599,0.1523,0.149142,0.146138,0.143265,0.140514,0.137873,0.135342,0.132911,0.130563,0.128312,0.126144,0.124049,0.122031,0.120083,0.118195,0.116373,0.114606,0.112898,0.111251,0.109635,0.108086,0.106563,0.105104,0.103666,0.102275,0.100923,0.0996113,0.0983307,0.0970871,0.0958718,0.0946874,0.0935363,0.0924099,0.091311,0.0902418,0.0891944,0.0881717,0.087176,0.0861993,0.0852448,0.0843113,0.0834018,0.0825104,0.0816364,0.0807831,0.0799457,0.0791254,0.0783218
3.87E+02,0.993278,1.08745,1.08558,1.02925,0.94938,0.864082,0.78278,0.709396,0.644961,0.58914,0.541124,0.499877,0.464309,0.433613,0.406888,0.383521,0.362897,0.344494,0.328153,0.31346,0.300173,0.288117,0.277123,0.267084,0.257832,0.249292,0.24139,0.234053,0.22721,0.220824,0.214851,0.209226,0.20393,0.198939,0.194215,0.189739,0.185491,0.181453,0.177608,0.173925,0.170434,0.167085,0.163878,0.160804,0.157837,0.155014,0.152279,0.149655,0.147122,0.144685,0.142332,0.140055,0.137858,0.135729,0.133673,0.131677,0.129748,0.127872,0.126057,0.12429,0.122579,0.120911,0.119279,0.117702,0.116168,0.114679,0.113224,0.111807,0.11043,0.109083,0.107774,0.106492,0.105242,0.104024,0.102831,0.101679,0.10054,0.0994181,0.0983416,0.0972771,0.0962273,0.0952199,0.0942207,0.0932437,0.092279,0.0913538
4.49E+02,1.14465,1.25171,1.24889,1.18399,1.09227,0.994511,0.901213,0.817036,0.743083,0.679068,0.623942,0.576585,0.535759,0.500515,0.469817,0.442992,0.419284,0.39811,0.379323,0.362398,0.347102,0.333225,0.320545,0.308937,0.298258,0.288407,0.279281,0.270822,0.262923,0.255535,0.248609,0.242114,0.235991,0.230214,0.224751,0.219596,0.214683,0.210012,0.205564,0.201301,0.19725,0.193376,0.189666,0.186104,0.18269,0.179411,0.176246,0.173205,0.170279,0.167459,0.16473,0.162101,0.159571,0.157096,0.154728,0.152424,0.150185,0.14802,0.145914,0.143874,0.141889,0.139964,0.138066,0.136247,0.134471,0.132742,0.131064,0.129424,0.127825,0.126271,0.124751,0.123273,0.121825,0.120411,0.119031,0.117687,0.116369,0.11508,0.113825,0.112593,0.111387,0.110207,0.109055,0.107924,0.106817,0.105732
5.18E+02,1.30915,1.42967,1.42551,1.35136,1.24688,1.13566,1.0296,0.933819,0.849639,0.776755,0.713972,0.659982,0.613534,0.573396,0.538443,0.50787,0.480846,0.456712,0.435232,0.415913,0.398451,0.382545,0.368043,0.354752,0.342519,0.331249,0.320789,0.311072,0.302003,0.293538,0.28559,0.27813,0.271128,0.264505,0.258234,0.252293,0.246653,0.241291,0.236183,0.231285,0.226632,0.222177,0.217916,0.213832,0.209911,0.206159,0.202522,0.199035,0.195674,0.192428,0.1893,0.186274,0.183354,0.180524,0.177791,0.175138,0.172572,0.170079,0.167665,0.165317,0.163041,0.160824,0.158645,0.156549,0.154515,0.152529,0.150595,0.148716,0.146879,0.145106,0.143348,0.14166,0.139996,0.138361,0.136791,0.135242,0.133716,0.132252,0.130804,0.129393,0.128008,0.126652,0.125322,0.124029,0.122756,0.12151
5.93E+02,1.48619,1.62083,1.61503,1.53088,1.4128,1.2872,1.16748,1.05935,0.964272,0.881934,0.811006,0.750047,0.697533,0.652121,0.612671,0.578075,0.547554,0.52017,0.495879,0.473965,0.454128,0.436103,0.419616,0.404508,0.390596,0.377788,0.365871,0.354809,0.344492,0.334842,0.325816,0.317325,0.309318,0.301763,0.294614,0.287842,0.281412,0.275299,0.269502,0.263912,0.258606,0.253533,0.248674,0.244016,0.239536,0.235242,0.23109,0.227105,0.223272,0.219577,0.216002,0.212557,0.209219,0.205998,0.202879,0.199852,0.196926,0.194102,0.191327,0.188668,0.186065,0.183543,0.181045,0.17866,0.176332,0.174073,0.171866,0.169716,0.167627,0.165584,0.16359,0.161653,0.159754,0.157901,0.156097,0.154329,0.1526,0.150917,0.149265,0.14765,0.146069,0.144528,0.14301,0.141528,0.140076,0.13866
6.75E+02,1.67535,1.82433,1.81673,1.72166,1.58918,1.44848,1.31447,1.19328,1.0867,0.994367,0.914782,0.846404,0.787494,0.736634,0.692323,0.65354,0.619274,0.58847,0.561154,0.536505,0.514141,0.49382,0.475233,0.458179,0.442466,0.427982,0.414524,0.402017,0.390337,0.379432,0.36922,0.359601,0.350537,0.341995,0.333902,0.326234,0.318953,0.312061,0.305466,0.299129,0.293119,0.287364,0.281859,0.276583,0.271517,0.266651,0.261935,0.257429,0.253086,0.248916,0.244873,0.240961,0.237186,0.233536,0.229994,0.226572,0.223247,0.220031,0.216902,0.213873,0.210923,0.208056,0.205227,0.202517,0.199886,0.197318,0.194817,0.192387,0.190012,0.187703,0.185444,0.18324,0.181095,0.178995,0.176965,0.174946,0.173008,0.171093,0.16922,0.167396,0.165604,0.163851,0.162136,0.160456,0.15881,0.157198
7.64E+02,1.87574,2.03959,2.02947,1.92314,1.77554,1.61899,1.46976,1.33504,1.21641,1.1136,1.02499,0.948824,0.883207,0.826549,0.777258,0.734069,0.69581,0.661458,0.630899,0.603383,0.578376,0.555616,0.534771,0.515649,0.498063,0.481776,0.466663,0.452601,0.43949,0.42726,0.415753,0.404938,0.394745,0.385126,0.376058,0.367409,0.359251,0.351451,0.344029,0.336891,0.330127,0.32366,0.317464,0.311525,0.305843,0.300365,0.295061,0.289989,0.285089,0.280375,0.275814,0.271418,0.267168,0.263049,0.259069,0.255207,0.251471,0.247841,0.244326,0.240907,0.237592,0.234364,0.231171,0.228118,0.225173,0.222289,0.219471,0.216736,0.21406,0.211452,0.208915,0.206432,0.204009,0.201651,0.199341,0.197082,0.194877,0.192728,0.190618,0.188556,0.186545,0.18457,0.182631,0.180738,0.178892,0.177076
8.60E+02,2.0869,2.26524,2.25249,2.13399,1.97064,1.79774,1.6329,1.48392,1.35287,1.23918,1.14121,1.05695,0.984379,0.921705,0.867112,0.819304,0.777025,0.738889,0.704985,0.674395,0.646634,0.621274,0.598114,0.576809,0.557154,0.53902,0.522155,0.506472,0.491862,0.478173,0.465301,0.453217,0.441838,0.431086,0.42095,0.411305,0.402145,0.393434,0.385133,0.377139,0.369574,0.36234,0.355408,0.348787,0.342408,0.336278,0.330329,0.324653,0.31918,0.313894,0.3088,0.303881,0.299114,0.294514,0.29008,0.285737,0.281576,0.277522,0.273578,0.26976,0.26604,0.262436,0.258843,0.255436,0.25211,0.248873,0.245729,0.242657,0.239671,0.236751,0.233902,0.231132,0.228419,0.225771,0.223192,0.220664,0.218194,0.215806,0.213427,0.211118,0.208884,0.206656,0.204483,0.20239,0.200315,0.198265
9.62E+02,2.30743,2.50056,2.48422,2.35316,2.17372,1.98372,1.80292,1.63934,1.49541,1.37049,1.26281,1.1702,1.09041,1.02155,0.961628,0.909096,0.862564,0.820471,0.783165,0.749408,0.718741,0.690674,0.665046,0.64147,0.619668,0.599581,0.580874,0.563472,0.547206,0.53204,0.517756,0.504333,0.491677,0.479744,0.468435,0.457759,0.447575,0.437891,0.42866,0.419763,0.411349,0.403304,0.39562,0.388232,0.381133,0.374316,0.367691,0.361377,0.355289,0.349407,0.343739,0.33829,0.332962,0.327844,0.322912,0.318112,0.313448,0.308938,0.304548,0.300299,0.296159,0.292138,0.288139,0.284336,0.280645,0.277042,0.273532,0.270123,0.26679,0.26355,0.260379,0.257317,0.254276,0.251359,0.248479,0.245645,0.242925,0.240239,0.237619,0.235048,0.232534,0.230072,0.227662,0.225305,0.222994,0.22073
1.07E+03,2.5366,2.74378,2.72359,2.57948,2.38337,2.17602,1.97875,1.80041,1.64316,1.50688,1.38915,1.2881,1.20095,1.12575,1.06031,1.00293,0.952061,0.906005,0.865063,0.828087,0.794365,0.763573,0.735311,0.709398,0.685395,0.663195,0.642619,0.623401,0.605462,0.58872,0.572945,0.558118,0.544134,0.530983,0.51845,0.506652,0.495394,0.484688,0.474481,0.46463,0.455355,0.446458,0.437931,0.429758,0.421906,0.41435,0.407029,0.400043,0.393294,0.3868,0.380529,0.374501,0.368642,0.362966,0.357482,0.352159,0.347009,0.342006,0.337159,0.332445,0.327875,0.323425,0.318987,0.314778,0.310693,0.306705,0.302854,0.299047,0.295391,0.291795,0.288296,0.284873,0.281529,0.278278,0.27509,0.271975,0.268943,0.265968,0.263058,0.260224,0.257439,0.254714,0.252036,0.249435,0.246877,0.244372
1.19E+03,2.77279,2.99372,2.96915,2.81157,2.59839,2.37364,2.15957,1.96609,1.79558,1.64764,1.51979,1.41006,1.31543,1.23383,1.16287,1.10046,1.04518,0.995006,0.950488,0.910089,0.87334,0.839608,0.808753,0.780315,0.754081,0.729738,0.707108,0.686081,0.666388,0.647946,0.630655,0.614385,0.599019,0.584513,0.570823,0.557801,0.545421,0.533665,0.522423,0.511575,0.501341,0.491603,0.482221,0.473228,0.464573,0.456273,0.44821,0.440523,0.433094,0.425948,0.419046,0.412411,0.405964,0.399716,0.393678,0.387818,0.382149,0.376641,0.371306,0.366116,0.361085,0.356185,0.351285,0.346651,0.34218,0.337802,0.333525,0.32937,0.325308,0.321348,0.317496,0.313726,0.310045,0.306464,0.302954,0.299525,0.296173,0.292909,0.289704,0.286572,0.283517,0.280517,0.277565,0.274726,0.271885,0.269162
1.31E+03,3.01531,3.24898,3.21958,3.04809,2.81768,2.57522,2.34444,2.13578,1.95177,1.79202,1.654,1.53547,1.43334,1.34523,1.26864,1.20135,1.14161,1.08715,1.03894,0.995204,0.955215,0.91861,0.885032,0.854054,0.825389,0.798912,0.774213,0.751261,0.729754,0.709604,0.690709,0.672928,0.656128,0.640263,0.625237,0.61105,0.597507,0.584628,0.572344,0.560457,0.549255,0.538599,0.528329,0.518485,0.509009,0.499924,0.491087,0.48267,0.474536,0.46671,0.459184,0.451887,0.444826,0.437983,0.43137,0.424952,0.418743,0.412709,0.406866,0.401181,0.39567,0.390346,0.384948,0.379886,0.374946,0.370151,0.365464,0.3609,0.356461,0.352123,0.347889,0.343773,0.339739,0.335804,0.331971,0.328214,0.324581,0.320966,0.317455,0.314062,0.310676,0.307428,0.304192,0.301044,0.297968,0.294948
1.44E+03,3.2622,3.50825,3.47328,3.28796,3.04002,2.77971,2.53213,2.30824,2.11066,1.93917,1.79101,1.66361,1.55401,1.45954,1.37724,1.30496,1.24075,1.18214,1.13009,1.08295,1.0398,1.0002,0.963754,0.930266,0.899169,0.870363,0.843619,0.818613,0.79524,0.773408,0.752812,0.733451,0.715241,0.69798,0.681645,0.666142,0.651399,0.637438,0.624061,0.611077,0.598876,0.587271,0.576083,0.56536,0.555035,0.545136,0.535498,0.526327,0.517516,0.508988,0.500734,0.49278,0.485084,0.477625,0.470417,0.463422,0.456653,0.450076,0.443706,0.437558,0.431501,0.4257,0.419795,0.414277,0.408889,0.403662,0.398552,0.393575,0.388737,0.384006,0.379405,0.374903,0.370505,0.366227,0.362034,0.357982,0.353979,0.350078,0.346249,0.342508,0.338857,0.335275,0.331744,0.328309,0.324957,0.321662
1.57E+03,3.5127,3.77006,3.72907,3.52917,3.26405,2.98611,2.72178,2.48266,2.27167,2.08856,1.9302,1.79405,1.67695,1.57593,1.48811,1.41092,1.34226,1.27942,1.22371,1.17306,1.12657,1.08397,1.04469,1.00858,0.975007,0.943946,0.914963,0.888031,0.862723,0.839053,0.816805,0.795844,0.77613,0.757459,0.73974,0.722941,0.706964,0.691837,0.677339,0.663263,0.650036,0.637369,0.6253,0.613672,0.602494,0.591739,0.581274,0.571326,0.561714,0.552464,0.543583,0.534934,0.526585,0.518493,0.510672,0.503082,0.495737,0.488654,0.481688,0.475018,0.468496,0.462149,0.455736,0.449732,0.443884,0.43821,0.432664,0.42728,0.422012,0.416878,0.411884,0.406997,0.402272,0.397582,0.393078,0.388634,0.384302,0.380055,0.375898,0.371836,0.367875,0.363984,0.36015,0.356421,0.352783,0.349206
1.71E+03,3.76525,4.03312,3.98525,3.7712,3.48871,3.19323,2.91226,2.65835,2.43402,2.23911,2.07067,1.92601,1.80149,1.69411,1.60078,1.51872,1.44566,1.37854,1.31911,1.26503,1.21537,1.16957,1.12753,1.08876,1.05268,1.01923,0.988127,0.959027,0.931885,0.906359,0.882384,0.85982,0.838488,0.818331,0.799297,0.781177,0.76394,0.747547,0.731973,0.716759,0.702481,0.688827,0.675779,0.663225,0.651156,0.639564,0.628228,0.617486,0.607122,0.597173,0.587522,0.57818,0.569161,0.560439,0.55197,0.54379,0.535835,0.528147,0.520714,0.513451,0.506406,0.499545,0.492593,0.486105,0.479804,0.473656,0.467662,0.461845,0.456152,0.450622,0.445207,0.439978,0.434823,0.429803,0.424887,0.420082,0.415401,0.41081,0.406318,0.401944,0.397646,0.393441,0.389294,0.385281,0.381333,0.377466
1.85E+03,4.01883,4.29604,4.24107,4.01243,3.71291,3.40003,3.103,2.83411,2.59666,2.39048,2.21208,2.05886,1.92704,1.81343,1.7147,1.62786,1.55047,1.47915,1.41602,1.35846,1.30559,1.25682,1.21181,1.17036,1.13176,1.09603,1.06269,1.03152,1.0023,0.975038,0.949221,0.925064,0.902158,0.880543,0.860078,0.84064,0.822122,0.804504,0.787746,0.77137,0.756022,0.741346,0.727268,0.713771,0.700842,0.688378,0.676196,0.66462,0.653474,0.642731,0.632391,0.622364,0.61264,0.60326,0.594147,0.585348,0.576809,0.568515,0.560523,0.552725,0.545124,0.537762,0.530235,0.523273,0.516474,0.509857,0.503427,0.497147,0.49104,0.48507,0.479299,0.473619,0.468085,0.462669,0.457373,0.45222,0.447164,0.442223,0.437406,0.432682,0.428054,0.423529,0.419081,0.414744,0.410493,0.40635
2.00E+03,4.27247,4.55763,4.49512,4.25194,3.93544,3.60558,3.2927,3.00925,2.75916,2.54157,2.35338,2.19189,2.05306,1.93337,1.82943,1.73789,1.65627,1.58084,1.51402,1.45309,1.39695,1.34513,1.29736,1.25312,1.21208,1.17395,1.1383,1.1051,1.07391,1.04467,1.01719,0.991283,0.966791,0.943738,0.921786,0.900967,0.881236,0.862382,0.844388,0.82683,0.810479,0.794766,0.779661,0.765208,0.751313,0.737964,0.724951,0.712575,0.700633,0.689098,0.677975,0.667281,0.656882,0.646808,0.637066,0.627636,0.618464,0.609597,0.600965,0.592654,0.584528,0.576616,0.56854,0.561058,0.553769,0.546697,0.539785,0.533074,0.526507,0.520107,0.513884,0.507852,0.501901,0.496113,0.490436,0.484893,0.479472,0.474194,0.469012,0.463946,0.459005,0.454153,0.449363,0.444713,0.440174,0.435714
2.15E+03,4.52487,4.81646,4.74629,4.48865,4.15565,3.80909,3.48056,3.18335,2.92043,2.6921,2.49439,2.32479,2.17888,2.05347,1.94439,1.84833,1.76275,1.68312,1.61286,1.54843,1.48909,1.43424,1.38362,1.33681,1.29313,1.25263,1.21472,1.17942,1.14624,1.11522,1.08583,1.05837,1.03228,1.00763,0.984326,0.962135,0.941016,0.921006,0.901814,0.883057,0.865536,0.848833,0.832744,0.817326,0.802496,0.788306,0.774352,0.761146,0.748374,0.736087,0.724211,0.712723,0.701625,0.690944,0.680544,0.670453,0.660684,0.651193,0.641995,0.633054,0.624426,0.616,0.607322,0.599354,0.59157,0.583997,0.576637,0.569449,0.562457,0.555622,0.549016,0.542514,0.536178,0.529976,0.523913,0.518014,0.512222,0.506567,0.501051,0.495639,0.490342,0.485181,0.48006,0.475094,0.470288,0.465481
2.31E+03,4.77449,5.07233,4.99383,4.7217,4.37235,4.00974,3.66599,3.35515,3.08004,2.84105,2.63419,2.45687,2.30424,2.17318,2.05919,1.95879,1.8691,1.78574,1.71191,1.64427,1.58178,1.52392,1.47035,1.42088,1.37479,1.3318,1.29177,1.25428,1.21919,1.18629,1.15514,1.12587,1.09828,1.07211,1.04727,1.02381,1.00137,0.980023,0.959726,0.93976,0.921134,0.903296,0.886285,0.869894,0.854126,0.838957,0.824098,0.810113,0.796556,0.78349,0.770831,0.758635,0.746883,0.735473,0.724384,0.713674,0.703255,0.693183,0.683373,0.673881,0.664703,0.655666,0.646471,0.63797,0.629711,0.621652,0.61382,0.606171,0.598707,0.591458,0.584361,0.577507,0.570742,0.564164,0.557711,0.551411,0.54527,0.53925,0.533359,0.527622,0.521981,0.516468,0.511014,0.50575,0.500573,0.495563
2.47E+03,5.0213,5.32391,5.23628,4.95022,4.58491,4.20699,3.84839,3.52424,3.23762,2.98835,2.77252,2.58764,2.42862,2.29206,2.17338,2.06882,1.97531,1.88811,1.81089,1.74004,1.67447,1.61365,1.55727,1.50518,1.45656,1.41136,1.36894,1.32948,1.29241,1.25753,1.22459,1.19375,1.16446,1.13688,1.11059,1.08566,1.06201,1.03941,1.01782,0.996642,0.97701,0.958109,0.94,0.922729,0.906022,0.889942,0.874175,0.859358,0.844991,0.831143,0.817722,0.804796,0.792255,0.780157,0.768482,0.75713,0.74608,0.735402,0.724998,0.714934,0.705124,0.695614,0.685831,0.676815,0.668058,0.659512,0.651181,0.643093,0.635177,0.627489,0.619958,0.612693,0.605517,0.598541,0.591696,0.585013,0.5785,0.572114,0.565864,0.559757,0.553797,0.547947,0.542159,0.536576,0.531079,0.525773
2.63E+03,5.26413,5.57035,5.47368,5.17366,4.79293,4.39981,4.02706,3.69018,3.39217,3.13304,2.90885,2.71649,2.55145,2.4097,2.28655,2.17803,2.08105,1.98995,1.90947,1.8355,1.76691,1.70319,1.6442,1.58946,1.53827,1.49072,1.44625,1.40455,1.36555,1.3288,1.29417,1.26167,1.23083,1.20164,1.17402,1.14771,1.12273,1.09887,1.07608,1.05368,1.03286,1.01304,0.993879,0.975549,0.957902,0.941018,0.92434,0.908625,0.893416,0.878785,0.864697,0.851039,0.837811,0.824997,0.812665,0.800666,0.788989,0.777704,0.766707,0.75607,0.745693,0.735647,0.725183,0.715736,0.706479,0.697444,0.688636,0.680087,0.671717,0.663591,0.655628,0.647869,0.640361,0.632986,0.625749,0.618682,0.611797,0.605045,0.598435,0.591977,0.585677,0.579492,0.573368,0.567514,0.561653,0.555969
2.80E+03,5.50277,5.81097,5.70506,5.39129,4.99563,4.58793,4.20193,3.8526,3.5436,3.27517,3.0427,2.84336,2.67224,2.52578,2.3982,2.28612,2.18564,2.09099,2.0073,1.93031,1.85879,1.79223,1.73056,1.67327,1.61978,1.56993,1.52315,1.47952,1.43853,1.39998,1.36347,1.32932,1.29686,1.26629,1.23714,1.20959,1.18323,1.15814,1.13427,1.11065,1.08869,1.06784,1.0477,1.02839,1.00978,0.991936,0.974418,0.957864,0.941874,0.926431,0.911533,0.897211,0.883277,0.869774,0.856718,0.844047,0.831773,0.819945,0.808386,0.797148,0.786211,0.775625,0.764549,0.754599,0.744843,0.735322,0.726066,0.717029,0.708207,0.699642,0.691248,0.683148,0.675157,0.667385,0.659754,0.652306,0.645048,0.637931,0.630964,0.624183,0.617515,0.610995,0.604533,0.598368,0.592184,0.586265
2.97E+03,5.73558,6.04519,5.93036,5.60263,5.19254,4.77084,4.37188,4.01082,3.69169,3.41393,3.17361,2.96779,2.79098,2.63969,2.50831,2.39272,2.28897,2.19081,2.1041,2.0242,1.94983,1.88051,1.81621,1.75642,1.70056,1.64845,1.59951,1.55386,1.51095,1.47059,1.43246,1.39655,1.36266,1.3305,1.30006,1.27105,1.24352,1.2172,1.192,1.1673,1.14428,1.12225,1.10122,1.08095,1.06144,1.04267,1.02418,1.00687,0.990079,0.973892,0.958204,0.943098,0.928529,0.914378,0.900623,0.887342,0.874513,0.861994,0.84985,0.83804,0.826578,0.815424,0.80377,0.793224,0.783033,0.772967,0.763303,0.753803,0.744561,0.735531,0.726708,0.718115,0.709738,0.701627,0.693608,0.685808,0.678151,0.670671,0.663376,0.656221,0.649211,0.642357,0.635589,0.629026,0.622662,0.616365
3.14E+03,5.96306,6.27316,6.14828,5.80732,5.38376,4.94821,4.53683,4.16491,3.83556,3.54914,3.30135,3.08925,2.90723,2.75176,2.61644,2.49755,2.39072,2.28925,2.19966,2.11696,2.04003,1.96801,1.90109,1.83891,1.78049,1.72622,1.67527,1.62763,1.58269,1.54069,1.50072,1.46332,1.42778,1.39429,1.36233,1.33212,1.30316,1.27575,1.24942,1.2234,1.19932,1.17637,1.15424,1.13303,1.11268,1.09305,1.07367,1.05554,1.03795,1.02097,1.00456,0.988807,0.973372,0.958621,0.944242,0.930295,0.916789,0.903665,0.891008,0.878666,0.866624,0.854966,0.842676,0.831615,0.820877,0.810483,0.800263,0.790339,0.780624,0.771157,0.76194,0.752926,0.744208,0.73562,0.727245,0.719043,0.711013,0.703202,0.695526,0.688025,0.680676,0.673522,0.666393,0.659509,0.652848,0.646241
3.31E+03,6.18372,6.49343,6.35938,6.00554,5.56816,5.12012,4.69687,4.31399,3.97515,3.68081,3.42591,3.2076,3.02085,2.86107,2.72246,2.60027,2.49063,2.38607,2.29381,2.2085,2.12862,2.05407,1.9847,1.9201,1.85959,1.80311,1.74994,1.70041,1.65375,1.60981,1.56829,1.52934,1.49227,1.45736,1.42402,1.39239,1.36234,1.33358,1.30623,1.27901,1.25387,1.22992,1.20681,1.18466,1.16341,1.14292,1.1226,1.10359,1.08529,1.06758,1.05045,1.03388,1.01785,1.00244,0.98738,0.972839,0.958685,0.945004,0.931781,0.918884,0.906294,0.894077,0.881212,0.869651,0.858387,0.847469,0.836878,0.826473,0.816346,0.80645,0.796784,0.787393,0.778189,0.769204,0.760514,0.751967,0.743572,0.735376,0.727349,0.719537,0.711854,0.704344,0.696885,0.689714,0.682661,0.675843
3.48E+03,6.39827,6.70676,6.56304,6.19667,5.74635,5.28607,4.85113,4.45845,4.1106,3.8082,3.54659,3.3229,3.13124,2.96787,2.82581,2.70096,2.58841,2.48087,2.38602,2.29817,2.2159,2.13884,2.06694,2.00014,1.93731,1.87866,1.82374,1.7722,1.72368,1.67812,1.63492,1.59427,1.55587,1.51942,1.48488,1.45195,1.42055,1.39078,1.36214,1.33389,1.30771,1.28263,1.25869,1.23562,1.21335,1.19201,1.17097,1.15111,1.13194,1.1136,1.09574,1.07847,1.06176,1.04559,1.03,1.01484,1.00008,0.985822,0.971927,0.958555,0.945464,0.932724,0.919222,0.907204,0.895455,0.884065,0.872925,0.862177,0.851585,0.841298,0.831215,0.82139,0.811816,0.802445,0.793288,0.784446,0.775721,0.767172,0.758798,0.750622,0.742639,0.734805,0.727017,0.719511,0.712178,0.704979
3.65E+03,6.60603,6.91255,6.7591,6.38056,5.91788,5.44545,5.00014,4.59788,4.24151,3.93169,3.66373,3.43476,3.2387,3.07156,2.92672,2.79925,2.68417,2.5738,2.47649,2.3862,2.30151,2.22182,2.14777,2.07855,2.01373,1.95302,1.89599,1.84259,1.7923,1.74507,1.70026,1.6582,1.61833,1.58059,1.5447,1.51062,1.47796,1.44701,1.41739,1.38781,1.3607,1.33464,1.30972,1.2857,1.26268,1.24045,1.21843,1.19792,1.17801,1.15879,1.14022,1.12238,1.10501,1.08818,1.07198,1.05621,1.04086,1.02603,1.01156,0.997661,0.983931,0.970791,0.956727,0.94419,0.931966,0.920116,0.908518,0.897345,0.886321,0.875622,0.865131,0.854906,0.844946,0.835197,0.825658,0.816463,0.807354,0.798492,0.789779,0.781268,0.77293,0.764812,0.756702,0.748888,0.741324,0.733761
3.83E+03,6.80673,7.11124,6.94744,6.55712,6.0826,5.5994,5.1435,4.73215,4.36772,4.05092,3.77696,3.54304,3.34289,3.17243,3.02486,2.89471,2.77755,2.66451,2.56489,2.47229,2.38505,2.30321,2.22692,2.15552,2.08843,2.02591,1.96696,1.91174,1.85973,1.81088,1.7645,1.72097,1.6797,1.64063,1.60346,1.56801,1.53432,1.50225,1.47142,1.44083,1.41274,1.38571,1.35987,1.33496,1.3111,1.28804,1.26525,1.24385,1.22328,1.20333,1.18402,1.16552,1.14745,1.13011,1.11317,1.09678,1.08096,1.06553,1.05051,1.03597,1.0219,1.00816,0.993467,0.980567,0.967876,0.955537,0.943495,0.931787,0.920454,0.909311,0.898419,0.887802,0.877536,0.867412,0.857509,0.847855,0.838395,0.829269,0.820221,0.811384,0.802758,0.794298,0.78587,0.777757,0.769807,0.762048
4.00E+03,7.00094,7.30163,7.12807,6.72636,6.24052,5.74678,5.28116,4.86122,4.48916,4.16579,3.8862,3.64764,3.44368,3.27019,3.1201,2.98794,2.86843,2.75287,2.65107,2.55628,2.46678,2.38272,2.30405,2.23076,2.16162,2.09719,2.03638,1.97942,1.92574,1.8753,1.8274,1.78244,1.7398,1.69943,1.66102,1.62436,1.58954,1.55638,1.52447,1.49279,1.46372,1.43577,1.40903,1.38324,1.35855,1.33468,1.31107,1.2889,1.26748,1.24696,1.22696,1.20781,1.18909,1.17102,1.1536,1.13661,1.12024,1.10426,1.0887,1.07375,1.05908,1.04483,1.02955,1.01608,1.00305,0.990265,0.977788,0.965766,0.953919,0.94237,0.931085,0.920202,0.909459,0.89897,0.888708,0.878695,0.869004,0.859444,0.850069,0.840913,0.831941,0.823171,0.814541,0.806133,0.797886,0.78982
4.17E+03,7.18733,7.48414,7.30163,6.88887,6.39218,5.88788,5.41354,4.98505,4.60581,4.27626,3.99139,3.74849,3.541,3.36474,3.21234,3.07793,2.95669,2.83876,2.73493,2.63783,2.54642,2.46022,2.37965,2.30416,2.23305,2.16676,2.10416,2.04549,1.99019,1.93822,1.88884,1.8425,1.79852,1.7569,1.71727,1.67945,1.64352,1.6093,1.57651,1.54359,1.51358,1.48471,1.4571,1.43047,1.40496,1.3803,1.35588,1.33297,1.31097,1.28964,1.26897,1.24918,1.22983,1.21128,1.19315,1.17559,1.15868,1.14215,1.12607,1.11062,1.09544,1.08071,1.06485,1.05104,1.03746,1.02424,1.01134,0.998922,0.986662,0.97472,0.963051,0.951809,0.940689,0.929843,0.919231,0.908875,0.898866,0.88897,0.879275,0.869806,0.860524,0.851568,0.842536,0.83384,0.825309,0.816965
4.51E+03,7.53982,7.82817,7.62671,7.19301,6.67618,6.15312,5.66144,5.21819,4.82599,4.48497,4.19023,3.93959,3.72561,3.54458,3.38794,3.25014,3.12504,3.00284,2.89518,2.79465,2.69914,2.60875,2.52437,2.44513,2.3704,2.30044,2.23452,2.17266,2.11436,2.05931,2.00719,1.95824,1.91176,1.86757,1.82566,1.78572,1.74769,1.7113,1.6766,1.6416,1.60976,1.57918,1.54976,1.52171,1.49451,1.46838,1.44237,1.4181,1.39463,1.3721,1.35019,1.32905,1.30864,1.28883,1.26954,1.25093,1.23293,1.21541,1.19836,1.18179,1.16565,1.15016,1.13318,1.11841,1.10395,1.08993,1.07621,1.063,1.05,1.03729,1.02492,1.01283,1.001,0.989504,0.978337,0.967321,0.956541,0.946052,0.935736,0.925702,0.915824,0.906181,0.896666,0.887333,0.878374,0.869494
4.85E+03,7.8641,8.14221,7.92255,7.46923,6.93404,6.39419,5.88773,5.43108,5.02686,4.67614,4.37295,4.11524,3.89624,3.71078,3.55121,3.41051,3.28255,3.15661,3.04573,2.94178,2.8427,2.74887,2.66066,2.57792,2.49975,2.42651,2.35736,2.29257,2.23134,2.17383,2.11882,2.0674,2.01856,1.9723,1.9281,1.88622,1.84602,1.80789,1.7713,1.7343,1.70064,1.6686,1.63758,1.60786,1.57928,1.55174,1.52412,1.49863,1.47386,1.45,1.42699,1.40467,1.38314,1.36223,1.34191,1.32222,1.30312,1.28472,1.26672,1.24922,1.23221,1.21582,1.19776,1.18215,1.16688,1.15208,1.13759,1.12363,1.1099,1.09648,1.08336,1.07063,1.05813,1.04598,1.03419,1.02255,1.01116,1.00008,0.989174,0.97853,0.968135,0.958066,0.947876,0.938136,0.928549,0.919166
5.17E+03,8.16116,8.42806,8.19077,7.72016,7.16828,6.61319,6.09318,5.62449,5.21026,4.85072,4.54021,4.27657,4.05312,3.86436,3.70218,3.55925,3.42901,3.29984,3.18609,3.07918,2.97692,2.87978,2.78826,2.7023,2.62097,2.54462,2.47262,2.40499,2.3411,2.2811,2.22383,2.17014,2.11911,2.07057,2.02448,1.98049,1.93861,1.89872,1.86029,1.82141,1.78632,1.75271,1.7202,1.68904,1.65915,1.63022,1.60118,1.57452,1.54848,1.52345,1.49931,1.4759,1.45314,1.43136,1.40999,1.38937,1.36932,1.35002,1.33107,1.31275,1.29485,1.27754,1.25859,1.24216,1.22617,1.21058,1.19541,1.18075,1.16628,1.15224,1.13846,1.12504,1.11196,1.0993,1.08678,1.0746,1.06262,1.05094,1.03953,1.02835,1.01752,1.00682,0.996091,0.985868,0.975787,0.96593
5.49E+03,8.43287,8.68797,8.43407,7.94702,7.37946,6.81108,6.27901,5.80008,5.37672,5.00957,4.69272,4.42411,4.19685,4.00569,3.84134,3.69662,3.56458,3.43252,3.31649,3.20689,3.10207,3.00164,2.90712,2.81841,2.73416,2.65501,2.58033,2.51014,2.4438,2.38142,2.32191,2.26611,2.21283,2.16264,2.11462,2.06891,2.02526,1.98352,1.94368,1.90304,1.86642,1.83127,1.79757,1.76508,1.73385,1.70373,1.67337,1.6455,1.61839,1.59221,1.56708,1.54259,1.51888,1.4961,1.47384,1.45226,1.43132,1.41117,1.39143,1.37225,1.3536,1.33562,1.31556,1.29844,1.28169,1.26556,1.24956,1.23425,1.21913,1.20446,1.19007,1.1762,1.16253,1.14916,1.13606,1.12329,1.11083,1.09862,1.08679,1.07516,1.06371,1.05251,1.04129,1.0306,1.02007,1.00991
5.79E+03,8.68004,8.92309,8.65431,8.15141,7.57014,6.98975,6.44708,5.95901,5.52771,5.15351,4.83107,4.55865,4.32796,4.13491,3.96909,3.8229,3.6898,3.55513,3.43731,3.32542,3.21779,3.11481,3.01757,2.92592,2.83903,2.75759,2.68035,2.60782,2.53923,2.47456,2.41298,2.35526,2.30032,2.24823,2.19835,2.15115,2.10598,2.06271,2.02141,1.97905,1.94113,1.90465,1.86963,1.83591,1.80349,1.77222,1.74062,1.71168,1.68353,1.65652,1.63023,1.60479,1.58015,1.55648,1.53335,1.51092,1.48933,1.46822,1.44764,1.42776,1.40849,1.38965,1.3687,1.35085,1.33349,1.31673,1.30019,1.28417,1.26844,1.25314,1.23822,1.22381,1.20954,1.19563,1.18206,1.16877,1.15591,1.14326,1.13082,1.11867,1.10675,1.09511,1.08346,1.07245,1.06149,1.05079
6.09E+03,8.90513,9.13609,8.8527,8.3358,7.74218,7.15099,6.59841,6.10228,5.66404,5.28401,4.95682,4.68053,4.44767,4.25274,4.08589,3.93916,3.80473,3.6681,3.54838,3.43442,3.32461,3.21909,3.1195,3.02559,2.93636,2.85226,2.77293,2.69817,2.62744,2.56115,2.4976,2.43802,2.38132,2.32767,2.2762,2.22751,2.18082,2.13615,2.0935,2.0496,2.01043,1.97274,1.93653,1.90168,1.86816,1.83584,1.80309,1.77316,1.74397,1.71611,1.68883,1.66257,1.6372,1.61259,1.58859,1.56544,1.54305,1.52118,1.49994,1.47948,1.45936,1.4399,1.41803,1.39972,1.38174,1.36423,1.3471,1.3305,1.31438,1.29853,1.28309,1.268,1.25322,1.23897,1.22476,1.21116,1.19769,1.18454,1.17164,1.15911,1.14691,1.13485,1.12273,1.11118,1.09987,1.08878
6.37E+03,9.10908,9.32815,9.03106,8.50144,7.8967,7.29588,6.73488,6.23162,5.78683,5.40177,5.07093,4.79123,4.55639,4.36027,4.19275,4.04516,3.9103,3.77195,3.65077,3.53507,3.42326,3.31553,3.21341,3.11731,3.0259,2.93964,2.85827,2.78155,2.7092,2.64092,2.57561,2.51442,2.45616,2.40096,2.3482,2.29807,2.25003,2.20423,2.16004,2.11495,2.07455,2.03589,1.99838,1.96263,1.92789,1.89472,1.86104,1.83,1.80011,1.77114,1.74321,1.71608,1.68994,1.66449,1.63993,1.61599,1.59272,1.57035,1.54838,1.52729,1.50652,1.4864,1.46388,1.44484,1.42623,1.40815,1.39066,1.37348,1.35669,1.34051,1.32451,1.30893,1.29384,1.27899,1.26442,1.25024,1.23649,1.22292,1.20961,1.19662,1.18389,1.17161,1.15907,1.14714,1.13543,1.12397
6.63E+03,9.29349,9.50187,9.19119,8.6507,8.03588,7.42584,6.85744,6.34791,5.89771,5.50827,5.17356,4.89172,4.65489,4.45795,4.29006,4.14212,4.00681,3.86701,3.74461,3.62741,3.51349,3.40377,3.29993,3.20183,3.10812,3.02022,2.9367,2.85848,2.78418,2.71426,2.64738,2.58472,2.52504,2.46848,2.41443,2.36304,2.31379,2.26683,2.2217,2.1751,2.13363,2.09397,2.05566,2.01875,1.98327,1.94902,1.91437,1.88246,1.85178,1.82199,1.79331,1.76543,1.73857,1.71241,1.68718,1.66258,1.63882,1.61566,1.59306,1.57139,1.55004,1.52952,1.50609,1.48649,1.46736,1.44894,1.43079,1.41312,1.39601,1.37922,1.36276,1.34673,1.33124,1.31595,1.30097,1.28637,1.27224,1.25828,1.24459,1.23123,1.21829,1.2055,1.1926,1.18032,1.16827,1.15665
6.88E+03,9.46091,9.65827,9.33638,8.7839,8.16008,7.54288,6.96787,6.45228,5.99739,5.60414,5.2664,4.98251,4.74436,4.54689,4.37846,4.23081,4.09483,3.95381,3.8304,3.71189,3.59669,3.48485,3.37923,3.27932,3.18374,3.09413,3.00887,2.92879,2.8532,2.78181,2.71349,2.6495,2.58853,2.53074,2.4755,2.42296,2.3726,2.32458,2.27819,2.23059,2.18815,2.14733,2.10814,2.07056,2.03402,1.99915,1.96338,1.93092,1.89926,1.86896,1.83937,1.81101,1.78328,1.75668,1.73062,1.70561,1.68108,1.65733,1.63436,1.61195,1.59025,1.56906,1.54489,1.5248,1.50537,1.48633,1.46769,1.44976,1.43206,1.41482,1.39812,1.38169,1.36562,1.34995,1.33476,1.31979,1.30513,1.29081,1.27677,1.26324,1.24981,1.23668,1.22343,1.21102,1.19865,1.18658
7.12E+03,9.61214,9.79887,9.46614,8.90451,8.27247,7.64722,7.06696,6.54638,6.08736,5.69033,5.35002,5.06441,4.82527,4.62749,4.45903,4.31114,4.17534,4.03291,3.90866,3.78903,3.67248,3.55932,3.45173,3.35019,3.25295,3.16176,3.07495,2.99367,2.91641,2.8437,2.77407,2.70887,2.64673,2.58783,2.5315,2.47793,2.42656,2.37732,2.3302,2.28152,2.2382,2.19649,2.15648,2.11789,2.08078,2.04518,2.00854,1.97541,1.94304,1.9121,1.88184,1.85288,1.82451,1.79735,1.77069,1.74494,1.72005,1.69576,1.6723,1.64937,1.62701,1.60551,1.58069,1.56015,1.5401,1.5208,1.50175,1.48324,1.46531,1.44767,1.43043,1.41363,1.39736,1.38132,1.36563,1.35032,1.33548,1.32084,1.30647,1.29248,1.27872,1.26547,1.2519,1.23904,1.22639,1.21403
7.34E+03,9.7495,9.92609,9.58237,9.01207,8.3727,7.7417,7.15575,6.63083,6.1677,5.76821,5.42568,5.13821,4.89832,4.70042,4.53212,4.38478,4.24823,4.10526,3.9803,3.85969,3.74191,3.62699,3.51823,3.41488,3.31647,3.22352,3.13561,3.05274,2.97418,2.90026,2.82946,2.76316,2.69996,2.64005,2.58274,2.52823,2.47594,2.42604,2.37783,2.32814,2.28401,2.24153,2.20075,2.16165,2.12361,2.08734,2.04993,2.01616,1.98316,1.95163,1.92076,1.89124,1.8623,1.8344,1.80742,1.78114,1.75577,1.731,1.70687,1.68368,1.66084,1.63874,1.61351,1.59255,1.57208,1.55241,1.53297,1.51406,1.4956,1.4778,1.46019,1.44304,1.42627,1.41009,1.39406,1.37844,1.36313,1.34838,1.33371,1.31941,1.30537,1.29169,1.27801,1.26487,1.25196,1.23934
7.55E+03,9.87257,10.0406,9.68731,9.10902,8.463,7.82591,7.23528,6.70654,6.24015,5.83822,5.49336,5.20507,4.96462,4.76632,4.59872,4.45133,4.31514,4.1711,4.04556,3.9241,3.80485,3.68895,3.57891,3.47416,3.37445,3.28014,3.19069,3.10689,3.02717,2.95217,2.88028,2.813,2.74884,2.68802,2.62981,2.57418,2.52106,2.47039,2.42162,2.37075,2.32588,2.28294,2.24123,2.2015,2.16278,2.12589,2.08777,2.05342,2.01984,1.98776,1.95635,1.92632,1.89687,1.86866,1.84101,1.81426,1.78844,1.76323,1.73884,1.71506,1.69181,1.66949,1.64352,1.62219,1.60134,1.58133,1.56152,1.54227,1.52364,1.50535,1.48742,1.46995,1.45305,1.43642,1.42009,1.40417,1.38856,1.37357,1.35863,1.34406,1.32976,1.316,1.30189,1.28851,1.27535,1.2625
7.75E+03,9.98419,10.1434,9.78238,9.19598,8.54329,7.90182,7.30705,6.77438,6.30569,5.90109,5.55499,5.26534,5.02407,4.82623,4.65867,4.5116,4.37561,4.2313,4.10488,3.98268,3.86277,3.74539,3.63416,3.52819,3.42726,3.33176,3.24112,3.15597,3.07551,2.99953,2.92668,2.8585,2.79347,2.73153,2.67252,2.61635,2.56247,2.51108,2.46137,2.40986,2.36408,2.32053,2.2784,2.23783,2.19876,2.16106,2.12254,2.08743,2.05355,2.02074,1.98907,1.95834,1.92864,1.89979,1.87167,1.84472,1.81827,1.79287,1.76791,1.74371,1.7203,1.69744,1.67093,1.64924,1.62827,1.60772,1.5876,1.56803,1.54913,1.53051,1.51228,1.49473,1.47738,1.46044,1.44384,1.42767,1.412,1.39656,1.38138,1.36658,1.35204,1.33807,1.3237,1.31009,1.29672,1.28366
7.93E+03,10.0859,10.2368,9.86707,9.27466,8.61637,7.96989,7.37087,6.83567,6.3641,5.95801,5.61012,5.31961,5.07841,4.88041,4.71321,4.56656,4.43078,4.28564,4.15914,4.0363,3.91518,3.79707,3.6844,3.57769,3.47531,3.37874,3.28704,3.20119,3.11953,3.04266,2.96893,2.89994,2.83384,2.77139,2.71166,2.65482,2.60026,2.54794,2.49782,2.44557,2.39913,2.35501,2.31209,2.27118,2.23161,2.19336,2.15429,2.11865,2.0841,2.05103,2.01871,1.98775,1.95744,1.92838,1.89985,1.87232,1.84568,1.81973,1.79438,1.77005,1.74611,1.72289,1.69612,1.67412,1.65266,1.63178,1.61157,1.59172,1.57234,1.55344,1.53515,1.51717,1.49953,1.48235,1.46571,1.44929,1.43322,1.41753,1.40212,1.38729,1.37254,1.35818,1.34358,1.32977,1.31639,1.30314
8.10E+03,10.1769,10.3199,9.94285,9.34461,8.68144,8.03088,7.42906,6.89072,6.41689,6.00873,5.65958,5.36842,5.12713,4.92933,4.76259,4.61639,4.48086,4.33523,4.20847,4.08467,3.96311,3.84374,3.7304,3.62241,3.51897,3.42177,3.32912,3.24211,3.15955,3.08189,3.00737,2.93765,2.87107,2.808,2.74731,2.68985,2.63467,2.58198,2.53104,2.47809,2.43108,2.38644,2.34322,2.3016,2.2613,2.22282,2.18298,2.14713,2.11211,2.07867,2.0459,2.01458,1.98385,1.95422,1.92556,1.89765,1.87047,1.84438,1.81869,1.79386,1.76981,1.74628,1.71889,1.69681,1.67504,1.65389,1.63324,1.61334,1.59367,1.57452,1.55581,1.53778,1.5199,1.50249,1.48546,1.46882,1.45271,1.43681,1.4212,1.40601,1.39106,1.37667,1.36186,1.34787,1.33415,1.32072
8.40E+03,10.3347,10.464,10.0743,9.46514,8.79365,8.13623,7.52822,6.9852,6.50765,6.09658,5.74542,5.45319,5.21129,5.01411,4.84793,4.70273,4.56743,4.42091,4.29344,4.16886,4.0459,3.92511,3.81002,3.70014,3.59522,3.4963,3.40193,3.31357,3.22943,3.1503,3.07434,3.00329,2.93577,2.87146,2.80982,2.7512,2.69459,2.64086,2.5891,2.53486,2.48713,2.44126,2.39714,2.35484,2.3136,2.27432,2.23347,2.19687,2.16131,2.12687,2.09361,2.06133,2.03014,1.99981,1.97052,1.94197,1.91414,1.88747,1.8612,1.836,1.81118,1.78711,1.75913,1.73635,1.71407,1.69265,1.67148,1.65093,1.63101,1.61143,1.59224,1.5736,1.55552,1.5377,1.52024,1.50342,1.48675,1.47047,1.45449,1.43912,1.42381,1.40891,1.39373,1.37941,1.36554,1.35179
8.66E+03,10.4626,10.5808,10.1804,9.56254,8.8842,8.22125,7.60809,7.0615,6.58111,6.16792,5.81484,5.52153,5.27966,5.0832,4.91797,4.77331,4.63859,4.49204,4.36422,4.23855,4.11454,3.99248,3.87565,3.76474,3.65844,3.5578,3.46208,3.37251,3.28716,3.2069,3.1298,3.05773,2.98895,2.92369,2.86115,2.80163,2.74439,2.68982,2.63725,2.5817,2.53322,2.48682,2.44169,2.39871,2.35703,2.31682,2.27544,2.23795,2.20181,2.16673,2.13291,2.10004,2.06833,2.03746,2.00765,1.97859,1.95049,1.92312,1.89636,1.87073,1.84544,1.82093,1.7921,1.76913,1.74643,1.72443,1.70309,1.68214,1.66166,1.64193,1.62239,1.60339,1.58478,1.56685,1.54905,1.53175,1.51474,1.49837,1.48209,1.46625,1.45066,1.43567,1.42019,1.40561,1.39129,1.37729
8.88E+03,10.5683,10.6753,10.2669,9.64189,8.95722,8.28921,7.67303,7.12307,6.64049,6.22521,5.87103,5.57727,5.33562,5.13992,4.97565,4.83184,4.69727,4.55053,4.42206,4.29622,4.17139,4.04789,3.93028,3.81791,3.71047,3.60866,3.51221,3.42128,3.33496,3.25378,3.17577,3.10287,3.03324,2.96722,2.90391,2.84368,2.78545,2.7302,2.67696,2.62051,2.57139,2.52442,2.47863,2.43509,2.3926,2.35207,2.30982,2.27204,2.23514,2.19982,2.16528,2.13219,2.09978,2.06871,2.03824,2.00901,1.98029,1.95249,1.92558,1.89935,1.87368,1.84905,1.81965,1.79614,1.77334,1.75098,1.72913,1.70787,1.68729,1.66708,1.64724,1.62817,1.60926,1.59088,1.57281,1.55544,1.53817,1.52139,1.50486,1.48875,1.47314,1.45774,1.44202,1.42721,1.41265,1.39865
9.22E+03,10.725,10.8172,10.3945,9.75918,9.06544,8.39077,7.76941,7.2152,6.72881,6.31113,5.95501,5.66081,5.41918,5.22433,5.0613,4.91912,4.78568,4.63791,4.50938,4.38266,4.25647,4.1316,4.01227,3.89844,3.78875,3.68554,3.58705,3.49481,3.40693,3.32431,3.24521,3.17098,3.10006,3.03281,2.96831,2.90692,2.84784,2.79149,2.73717,2.67939,2.62926,2.58132,2.53486,2.49011,2.44697,2.40561,2.36232,2.32376,2.28602,2.24997,2.2149,2.18086,2.14796,2.11598,2.08505,2.05494,2.02556,1.99739,1.96966,1.94305,1.9168,1.89165,1.86141,1.83733,1.81381,1.79118,1.76881,1.7473,1.72603,1.70534,1.68505,1.66557,1.64623,1.6274,1.60914,1.59117,1.57351,1.5563,1.53962,1.52314,1.50697,1.49119,1.4753,1.46015,1.44526,1.43074
9.51E+03,10.8504,10.9303,10.4962,9.85144,9.15158,8.47159,7.84485,7.28744,6.79854,6.37864,6.02195,5.7271,5.48601,5.29236,5.1308,4.98961,4.85718,4.70913,4.58051,4.45322,4.32563,4.19955,4.0789,3.96332,3.85257,3.74767,3.64819,3.55439,3.46569,3.38195,3.30146,3.22624,3.15434,3.08616,3.02074,2.95848,2.89855,2.84137,2.78592,2.72736,2.67645,2.62776,2.5803,2.53509,2.49127,2.44896,2.40514,2.36568,2.32757,2.29066,2.25503,2.22039,2.18696,2.15441,2.12298,2.09233,2.06268,2.03381,2.00558,1.97854,1.95183,1.92625,1.89532,1.87082,1.8471,1.82386,1.80109,1.779,1.75757,1.7365,1.71585,1.69604,1.67634,1.65718,1.6384,1.62032,1.60233,1.58482,1.56764,1.55109,1.53461,1.51854,1.50215,1.48674,1.47179,1.457
9.97E+03,11.0379,11.0975,10.6473,9.98863,9.27807,8.59021,7.95713,7.39494,6.90186,6.47947,6.12098,5.82601,5.58556,5.3936,5.23467,5.09543,4.96438,4.81643,4.68751,4.55926,4.4305,4.3024,4.17961,4.06223,3.94888,3.84218,3.74067,3.64487,3.55435,3.46889,3.38699,3.31019,3.23676,3.16712,3.10026,3.03694,2.97565,2.91684,2.86047,2.80029,2.74793,2.69807,2.64981,2.60322,2.55839,2.51529,2.47006,2.42985,2.3906,2.353,2.31625,2.28072,2.24641,2.21311,2.18085,2.14949,2.11882,2.08942,2.06052,2.03251,2.00534,1.97882,1.94691,1.922,1.89742,1.87362,1.85023,1.82776,1.80553,1.78398,1.76301,1.74241,1.72226,1.70258,1.68326,1.66471,1.64623,1.62832,1.61064,1.59367,1.57673,1.5603,1.54341,1.52757,1.51201,1.49703
