,0.3,0.32,0.34,0.36,0.38,0.4,0.42,0.44,0.46,0.48,0.5,0.52,0.54,0.56,0.58,0.6,0.62,0.64,0.66,0.68,0.7,0.72,0.74,0.76,0.78,0.8,0.82,0.84,0.86,0.88,0.9,0.92,0.94,0.96,0.98,1
3.95E-08,0.000929751,0.000899008,0.000641552,0.000390985,0.000223143,0.000126298,7.34E-05,4.46E-05,2.86E-05,1.94E-05,1.39E-05,1.04E-05,8.12E-06,6.57E-06,5.47E-06,4.74E-06,4.22E-06,3.85E-06,3.55E-06,3.33E-06,3.14E-06,2.99E-06,2.88E-06,2.78E-06,2.69E-06,2.61E-06,2.55E-06,2.49E-06,2.45E-06,2.41E-06,2.38E-06,2.35E-06,2.31E-06,2.29E-06,2.26E-06,2.24E-06
7.64E-08,0.00177266,0.00171544,0.00122581,0.000747247,0.000426403,0.000241298,0.000139871,8.47E-05,5.41E-05,3.65E-05,2.59E-05,1.92E-05,1.49E-05,1.20E-05,9.89E-06,8.38E-06,7.24E-06,6.44E-06,5.84E-06,5.35E-06,4.98E-06,4.67E-06,4.41E-06,4.20E-06,4.01E-06,3.86E-06,3.72E-06,3.60E-06,3.50E-06,3.41E-06,3.32E-06,3.25E-06,3.18E-06,3.12E-06,3.07E-06,3.02E-06
1.44E-07,0.00333283,0.0032226,0.00230088,0.00140235,0.000800431,0.000452384,0.000262089,0.000158494,0.00010099,6.78E-05,4.79E-05,3.55E-05,2.74E-05,2.19E-05,1.80E-05,1.52E-05,1.31E-05,1.15E-05,1.02E-05,9.24E-06,8.49E-06,7.87E-06,7.36E-06,6.93E-06,6.57E-06,6.26E-06,5.98E-06,5.74E-06,5.53E-06,5.35E-06,5.18E-06,5.03E-06,4.89E-06,4.77E-06,4.66E-06,4.55E-06
2.62E-07,0.0060773,0.00588487,0.00419518,0.00255663,0.00145899,0.000824288,0.000477288,0.000288392,0.00018355,0.00012318,8.69E-05,6.42E-05,4.94E-05,3.94E-05,3.23E-05,2.72E-05,2.34E-05,2.04E-05,1.81E-05,1.63E-05,1.48E-05,1.36E-05,1.27E-05,1.19E-05,1.12E-05,1.06E-05,1.00E-05,9.60E-06,9.20E-06,8.84E-06,8.52E-06,8.23E-06,7.98E-06,7.74E-06,7.52E-06,7.33E-06
4.64E-07,0.0107748,0.0104341,0.00744812,0.00453549,0.00258628,0.0014609,0.000845654,0.000510744,0.000324872,0.000217855,0.000153566,0.000113375,8.71E-05,6.93E-05,5.68E-05,4.77E-05,4.10E-05,3.58E-05,3.18E-05,2.85E-05,2.59E-05,2.38E-05,2.19E-05,2.04E-05,1.91E-05,1.81E-05,1.71E-05,1.63E-05,1.56E-05,1.49E-05,1.43E-05,1.38E-05,1.33E-05,1.29E-05,1.25E-05,1.21E-05
7.72E-07,0.0179302,0.0173627,0.0123941,0.00755169,0.00430052,0.00242905,0.00140589,0.000849378,0.000540094,0.000361856,0.000255073,0.000188126,0.000144517,0.000114893,9.41E-05,7.90E-05,6.78E-05,5.92E-05,5.25E-05,4.71E-05,4.28E-05,3.92E-05,3.62E-05,3.37E-05,3.15E-05,2.96E-05,2.80E-05,2.66E-05,2.54E-05,2.43E-05,2.33E-05,2.24E-05,2.16E-05,2.08E-05,2.02E-05,1.95E-05
1.49E-06,0.0346798,0.0335824,0.0239725,0.0146066,0.00832772,0.00470048,0.0027202,0.00164227,0.00104404,0.000699626,0.00049276,0.000363447,0.00027895,0.000221667,0.000181523,0.000152362,0.000130625,0.00011406,0.000101076,9.07E-05,8.23E-05,7.55E-05,6.97E-05,6.48E-05,6.06E-05,5.70E-05,5.39E-05,5.11E-05,4.86E-05,4.64E-05,4.44E-05,4.27E-05,4.11E-05,3.96E-05,3.83E-05,3.70E-05
2.81E-06,0.0651298,0.0630691,0.0450225,0.0274494,0.0156497,0.00883306,0.00510865,0.00308399,0.00196037,0.00131349,0.000924944,0.000682084,0.000523391,0.000415994,0.000340431,0.000285674,0.000244963,0.000213765,0.00018939,0.000169968,0.00015422,0.000141305,0.00013047,0.000121307,0.000113472,0.000106703,0.000100838,9.56E-05,9.10E-05,8.69E-05,8.33E-05,7.99E-05,7.69E-05,7.41E-05,7.16E-05,6.92E-05
5.12E-06,0.118753,0.114995,0.0820941,0.0500545,0.0285384,0.016108,0.00932084,0.0056266,0.00357453,0.00239483,0.00168626,0.00124338,0.000953988,0.00075815,0.000620358,0.000520513,0.000446286,0.000389401,0.000344961,0.000309553,0.000280953,0.000257303,0.000237554,0.000220854,0.000206575,0.000194239,0.000183552,0.000174095,0.000165718,0.000158245,0.000151537,0.000145481,0.000139983,0.000134968,0.000130372,0.000126185
9.07E-06,0.210491,0.203827,0.145524,0.0887375,0.050597,0.0285597,0.0165265,0.00998121,0.00634078,0.00424589,0.00299088,0.00220419,0.00169108,0.00134385,0.00109953,0.000922508,0.000790906,0.000690053,0.000611265,0.000548493,0.000497794,0.000455868,0.000420859,0.000391257,0.000365946,0.000344082,0.000325141,0.000308379,0.000293532,0.000280289,0.000268402,0.00025767,0.000247928,0.000239042,0.000230978,0.000223483
1.56E-05,0.362696,0.351203,0.250784,0.15295,0.0872208,0.0492361,0.0284925,0.0172085,0.0109321,0.00732351,0.00515634,0.00380161,0.00291653,0.00231657,0.00189535,0.00159014,0.00136324,0.00118937,0.00105354,0.000945321,0.000857917,0.000785638,0.000725285,0.000674256,0.000630624,0.000592935,0.000560285,0.000531393,0.000505801,0.000482975,0.000462486,0.000443988,0.000427197,0.000411882,0.000397849,0.000385067
2.63E-05,0.610019,0.590661,0.421905,0.257398,0.146816,0.0829333,0.0479716,0.0289745,0.0184154,0.0123311,0.00868191,0.00640088,0.00491056,0.00390193,0.00319238,0.00267826,0.00229512,0.00200235,0.00177363,0.00159141,0.00144424,0.00132254,0.00122092,0.00113501,0.00106155,0.000998459,0.000943128,0.000894486,0.000851399,0.00081297,0.000778477,0.000747335,0.000719068,0.000693284,0.000669889,0.000648145
4.32E-05,0.998427,0.966635,0.690868,0.421733,0.240645,0.135969,0.0786594,0.0475131,0.030185,0.0202214,0.0142372,0.0104966,0.00805259,0.00639854,0.00523496,0.00439184,0.00376351,0.00328465,0.00290943,0.00261048,0.00236814,0.00216856,0.00200264,0.0018617,0.00174119,0.0016371,0.00154636,0.00146659,0.00139594,0.00133293,0.00127637,0.0012253,0.00117895,0.00113667,0.00109831,0.00106265
6.93E-05,1.59673,1.54451,1.10596,0.675877,0.385932,0.218149,0.126231,0.076257,0.0484706,0.0324569,0.022862,0.0168479,0.0129251,0.0102702,0.00840251,0.00704922,0.00604065,0.00527206,0.00466976,0.0041899,0.00380086,0.00348178,0.00321421,0.00298798,0.00279454,0.00262746,0.00248181,0.00235378,0.00224038,0.00213998,0.00204916,0.00196717,0.00189276,0.00182488,0.00176269,0.00170546
0.000108761,2.49083,2.40507,1.72626,1.05662,0.604458,0.34191,0.197919,0.119586,0.0760182,0.0509045,0.0358567,0.0264242,0.0202717,0.0161077,0.0131784,0.0110559,0.00947406,0.00826855,0.00732384,0.00657118,0.00596097,0.00545854,0.00504083,0.00468599,0.0043826,0.00412055,0.00389212,0.00369132,0.00351347,0.00335601,0.00321359,0.003085,0.00296829,0.00286183,0.00276429,0.00267453
0.000167011,3.77346,3.64096,2.62588,1.61503,0.926094,0.524476,0.303787,0.183608,0.11673,0.0781702,0.0550636,0.040579,0.0311309,0.0247361,0.0202379,0.0169784,0.0145548,0.0126978,0.0112468,0.0100909,0.00915371,0.00838508,0.00774056,0.00719562,0.00672969,0.00632726,0.00597646,0.00566811,0.00539685,0.00515321,0.0049345,0.00473704,0.00455783,0.00439435,0.00424457,0.00410674
0.00025135,5.53547,5.34114,3.88542,2.40933,1.38768,0.787975,0.456876,0.276264,0.175671,0.11765,0.0828763,0.0610766,0.0468566,0.0372313,0.0304611,0.0255553,0.0219074,0.0191119,0.0169278,0.0151876,0.0137769,0.0126199,0.0116497,0.0108294,0.0101281,0.00952233,0.00899433,0.00853023,0.00812202,0.00775528,0.00742611,0.00712893,0.0068592,0.00661318,0.00638775,0.00618033
0.000371086,7.80152,7.51225,5.55831,3.50327,2.03535,1.15947,0.673767,0.407719,0.25934,0.173706,0.12237,0.0901848,0.0692179,0.0549759,0.0449796,0.0377358,0.0323492,0.0282208,0.0249952,0.0224251,0.0203416,0.0186329,0.0172,0.0159887,0.014953,0.0140586,0.0132789,0.012598,0.0119909,0.0114494,0.0109634,0.0105247,0.0101264,0.0097632,0.00943038,0.00912414
0.000537929,10.4714,10.0537,7.64499,4.94358,2.9159,1.67293,0.974927,0.590677,0.375899,0.251826,0.177417,0.13076,0.100363,0.0797116,0.0652188,0.0547163,0.0469058,0.0409189,0.0362407,0.0325132,0.0295022,0.0270133,0.0249353,0.0231786,0.0216769,0.0203799,0.0192495,0.0182624,0.0173821,0.016597,0.0158924,0.0152563,0.014679,0.0141524,0.0136699,0.013226
0.000766313,13.3261,12.7437,10.0074,6.73171,4.07281,2.36469,1.38471,0.840613,0.535372,0.358772,0.252795,0.186328,0.14302,0.11359,0.0929404,0.078006,0.0668444,0.0583109,0.0516422,0.0463284,0.0420364,0.0384882,0.0355261,0.0330223,0.030882,0.0290337,0.0274324,0.0260163,0.024762,0.0236434,0.0226395,0.0217332,0.0209107,0.0201605,0.0194731,0.0188406
0.00107367,16.0965,15.3513,12.4552,8.79452,5.5221,3.26882,1.93058,1.17579,0.749781,0.502701,0.354282,0.261159,0.200473,0.159218,0.130279,0.109349,0.0937013,0.0817363,0.0723843,0.0649563,0.0589129,0.0539371,0.0497836,0.0462731,0.0432726,0.0406816,0.0384373,0.0364522,0.0346943,0.0331266,0.0317198,0.0304498,0.0292971,0.0282459,0.0272827,0.0263965
0.00148068,18.6323,17.7219,14.7932,10.9687,7.23261,4.40905,2.63963,1.6169,1.03316,0.693556,0.488727,0.360329,0.276625,0.219698,0.179777,0.150901,0.129306,0.112789,0.0998769,0.089621,0.0812754,0.0744052,0.0686711,0.0638253,0.059684,0.0561281,0.0530116,0.0502726,0.0478472,0.0456846,0.0437438,0.041992,0.0404021,0.0389521,0.0376361,0.0364134
0.00201139,20.864,19.8043,16.9126,13.104,9.11389,5.78674,3.53707,2.18605,1.40139,0.941954,0.664105,0.489974,0.376049,0.298663,0.244512,0.205166,0.175805,0.15334,0.135823,0.121817,0.110461,0.101114,0.0933135,0.0867228,0.0811198,0.076257,0.0720195,0.0682964,0.0649999,0.0620607,0.0594233,0.0570427,0.0548824,0.0529299,0.0511246,0.0494635
0.00269331,22.8073,21.6149,18.7846,15.0809,11.0385,7.36301,4.63808,2.90306,1.87158,1.26055,0.889474,0.656539,0.503994,0.400288,0.327754,0.275029,0.23567,0.205618,0.182039,0.163242,0.148004,0.135463,0.124999,0.116201,0.108648,0.102128,0.0964486,0.091459,0.0870417,0.0831037,0.0795704,0.0763814,0.0735123,0.070873,0.0684547,0.0662298
0.00355732,24.4821,23.1769,20.4153,16.8567,12.8963,9.05254,5.92805,3.78479,2.45979,1.66282,1.17489,0.867787,0.666391,0.529517,0.433461,0.363769,0.311711,0.27194,0.240717,0.215821,0.19564,0.179034,0.165242,0.153541,0.143546,0.134922,0.12741,0.120813,0.114973,0.109768,0.105098,0.100918,0.0970937,0.0936058,0.0904106,0.0874713
0.00463751,25.9364,24.5363,21.8334,18.4226,14.6106,10.7629,7.36961,4.83655,3.18301,2.16154,1.53116,1.1321,0.869821,0.691257,0.565989,0.475056,0.407237,0.3551,0.314267,0.281702,0.255304,0.233672,0.215558,0.200264,0.187206,0.175942,0.166134,0.157522,0.149901,0.143157,0.137062,0.131564,0.126574,0.122025,0.117858,0.114025
0.0059709,27.2062,25.7179,23.0699,19.7955,16.1572,12.4095,8.89762,6.04601,4.04834,2.77116,1.9694,1.45841,1.12191,0.891421,0.730125,0.61319,0.525464,0.458126,0.40535,0.363247,0.32924,0.301162,0.277755,0.258002,0.241145,0.226609,0.213957,0.202851,0.19309,0.184333,0.176478,0.169392,0.162963,0.157103,0.151735,0.146798
0.007597,28.3178,26.7562,24.1522,20.9995,17.5309,13.9414,10.44,7.37394,5.05657,3.49942,2.50025,1.85593,1.42946,1.13621,0.931065,0.782184,0.670309,0.58432,0.516862,0.463196,0.419541,0.383643,0.353735,0.328509,0.306991,0.288446,0.272404,0.25824,0.245715,0.234555,0.224549,0.215524,0.207338,0.199876,0.193042,0.186757
0.00955723,29.298,27.6734,25.1062,22.0584,18.7486,15.3355,11.9351,8.76948,6.191,4.35337,3.1327,2.3336,1.8006,1.43212,1.17482,0.986961,0.845879,0.737531,0.652165,0.584003,0.528746,0.483331,0.445514,0.413637,0.386598,0.363182,0.342822,0.324961,0.309169,0.295107,0.282501,0.271133,0.260825,0.25143,0.242827,0.234992
0.0118944,30.1679,28.4874,25.9514,22.9947,19.8261,16.5894,13.3369,10.1804,7.42345,5.32542,3.87241,2.89935,2.2439,1.78578,1.46637,1.23257,1.05697,0.921072,0.814147,0.728704,0.659446,0.602548,0.555398,0.515501,0.48152,0.452263,0.426837,0.404546,0.384847,0.367311,0.351597,0.33743,0.324692,0.312984,0.302266,0.292413
0.0146517,30.9452,29.2148,26.705,23.8267,20.7829,17.7118,14.6298,11.5528,8.70897,6.39914,4.71775,3.55898,2.76478,2.20457,1.81195,1.52486,1.30746,1.13915,1.00647,0.900348,0.814627,0.743965,0.685217,0.635767,0.59368,0.557478,0.526037,0.49849,0.474158,0.452658,0.433258,0.415773,0.399929,0.385491,0.372276,0.360127
0.0178725,31.6418,29.8679,27.3802,24.5698,21.636,18.7154,15.8043,12.8509,10.0007,7.54972,5.6627,4.31475,3.36813,2.69289,2.21739,1.86814,1.60242,1.39593,1.23321,1.10249,0.996529,0.909561,0.837311,0.776565,0.724912,0.680523,0.642218,0.608481,0.578698,0.552218,0.528502,0.507136,0.487776,0.470143,0.454007,0.439175
0.0215986,32.2701,30.4569,27.988,25.2367,22.3996,19.6148,16.8672,14.0614,11.268,8.73967,6.68896,5.16185,4.05939,3.25623,2.68917,2.26812,1.94745,1.69632,1.49724,1.33759,1.20814,1.10197,1.01386,0.940187,0.877312,0.823333,0.776544,0.735603,0.699487,0.667388,0.63866,0.612788,0.589354,0.568016,0.548495,0.530555
0.0258706,32.8387,30.9904,28.5376,25.838,23.0861,20.4233,17.8269,15.1721,12.4719,9.93497,7.77459,6.09017,4.83525,3.8977,3.23004,2.73093,2.34601,2.04346,1.80329,1.60914,1.45276,1.3241,1.21743,1.12798,1.05209,0.987011,0.93065,0.881388,0.837965,0.799396,0.764897,0.733841,0.705723,0.680343,0.656926,0.635412
0.030726,33.3552,31.4754,29.0364,26.3821,23.7062,21.1529,18.6943,16.1869,13.6047,11.1036,8.88794,7.0855,5.69176,4.61594,3.84409,3.2591,2.80428,2.44293,2.15382,1.92099,1.73212,1.5774,1.44929,1.34198,1.25109,1.17324,1.1059,1.0471,0.995638,0.94966,0.908559,0.871579,0.838111,0.807667,0.779823,0.754247
0.036199,33.8263,31.9177,29.4907,26.8765,24.268,21.8133,19.48,17.1103,14.6528,12.2254,10.0056,8.12659,6.61846,5.41106,4.53263,3.85677,3.3244,2.89698,2.55372,2.27563,2.04984,1.86502,1.71218,1.58435,1.47624,1.38379,1.30392,1.23426,1.17297,1.11862,1.07005,1.02638,0.98688,0.950952,0.91811,0.887953
0.0423199,34.2569,32.3224,29.9058,27.3271,24.7791,22.4131,20.1937,17.9506,15.6163,13.2854,11.0957,9.18919,7.59691,6.27216,5.29218,4.52581,3.91034,3.4097,3.00443,2.67481,2.40689,2.18771,2.0067,1.85556,1.72794,1.61897,1.52496,1.44307,1.37108,1.3073,1.25036,1.19919,1.15292,1.11086,1.07243,1.03714
0.0491139,34.6519,32.6937,30.286,27.7392,25.2454,22.9603,20.8437,18.7163,16.5011,14.2702,12.1458,10.2493,8.60969,7.18659,6.11922,5.26373,4.56396,3.98521,3.50919,3.12137,2.80567,2.54837,2.33536,2.15779,2.00813,1.88056,1.77066,1.67504,1.5911,1.51678,1.45049,1.39095,1.33715,1.28826,1.2436,1.20261
0.0566014,35.015,33.0353,30.6354,28.117,25.6722,23.4604,21.4382,19.4153,17.3109,15.1874,13.1402,11.2861,9.63588,8.14421,7.00522,6.07102,5.28314,4.62036,4.06971,3.61821,3.24868,2.94659,2.6977,2.49058,2.31633,2.16805,2.0405,1.9297,1.83252,1.74658,1.66998,1.60122,1.53912,1.48314,1.43122,1.38397
0.0647972,35.3497,33.3501,30.9572,28.4644,26.0641,23.9194,21.9825,20.0548,18.0524,16.033,14.0761,12.284,10.6553,9.1221,7.938,6.93681,6.06915,5.31917,4.68651,4.16374,3.73455,3.38355,3.09473,2.85477,2.65325,2.48207,2.33507,2.20818,2.09643,1.9977,1.90977,1.83091,1.75972,1.6951,1.63609,1.58199
0.0737097,35.6587,33.6409,31.2541,28.7844,26.4246,24.3413,22.4824,20.6412,18.7323,16.8113,14.9512,13.2323,11.6508,10.1047,8.89908,7.84966,6.91216,6.07782,5.35854,4.75849,4.26389,3.85908,3.52624,3.25112,3.01958,2.82322,2.65488,2.50908,2.38149,2.26889,2.16868,2.07886,1.99782,1.92429,1.85719,1.79569
0.0833421,35.9446,33.91,31.5287,29.08,26.7573,24.7301,22.9434,21.181,19.3575,17.5276,15.7603,14.1296,12.6093,11.0757,9.87454,8.80242,7.80534,6.88848,6.08289,5.39878,4.83548,4.37216,3.9926,3.67704,3.4129,3.18928,2.99788,2.8323,2.68762,2.56005,2.44661,2.34501,2.25338,2.17027,2.09447,2.02501
0.093691,36.2095,34.1595,31.783,29.3534,27.0647,25.0898,23.3685,21.6777,19.9319,18.1872,16.5145,14.9701,13.5219,12.0212,10.8483,9.77343,8.73346,7.74508,6.85185,6.08463,5.44674,4.92077,4.48983,4.13181,3.83261,3.5797,3.36355,3.17682,3.01385,2.87029,2.74274,2.62855,2.52562,2.43293,2.34784,2.26987
0.104747,36.4555,34.3911,32.019,29.6069,27.3495,25.4226,23.7624,22.1362,20.4612,18.7953,17.2101,15.7577,14.3932,12.931,11.8057,10.7496,9.68923,8.63716,7.65976,6.80924,6.09378,5.50185,5.01639,4.61329,4.27681,3.99277,3.75035,3.5412,3.35972,3.1992,3.05666,2.92913,2.81423,2.71012,2.61521,2.52829
0.116496,36.6842,34.6065,32.2383,29.8423,27.6135,25.7317,24.1271,22.561,20.9499,19.3567,17.8537,16.4908,15.2081,13.8029,12.7399,11.716,10.6502,9.54816,8.49716,7.5629,6.76914,6.11124,5.56891,5.11859,4.74298,4.42625,4.15733,3.92458,3.72189,3.54363,3.38544,3.24396,3.11654,3.00109,2.8959,2.79958
0.128917,36.8971,34.8071,32.4424,30.0611,27.8591,26.0187,24.4656,22.9542,21.4029,19.8768,18.4496,17.1723,15.9748,14.6289,13.6327,12.6595,11.6046,10.4715,9.35287,8.339,7.47028,6.74376,6.14146,5.64415,5.22804,4.8774,4.57999,4.32283,4.09902,3.90236,3.72792,3.57197,3.43155,3.30435,3.18848,3.0824
0.141984,37.0956,34.9942,32.6326,30.2648,28.0878,26.2862,24.7811,23.3191,21.822,20.3576,19.002,17.8082,16.6909,15.4071,14.4879,13.5758,12.5393,11.3857,10.2111,9.12805,8.18535,7.39128,6.73237,6.18583,5.7284,5.34308,5.01642,4.73421,4.48877,4.27323,4.0821,3.91127,3.75747,3.61818,3.4913,3.37517
0.155668,37.2807,35.1687,32.8101,30.4547,28.3006,26.5353,25.0746,23.6591,22.2109,20.8033,19.516,18.3972,17.3588,16.1424,15.2977,14.4465,13.4432,12.2816,11.0671,9.92006,8.90819,8.04896,7.33479,6.73736,6.24013,5.8198,5.46226,5.15596,4.88857,4.65384,4.44574,4.25976,4.09232,3.94069,3.80259,3.67699
0.169936,37.4538,35.3318,32.9758,30.632,28.4992,26.7682,25.3491,23.9753,22.5732,21.2183,19.9924,18.9451,17.9845,16.8317,16.0607,15.2781,14.315,13.1491,11.9029,10.7018,9.63077,8.71265,7.941,7.29723,6.75907,6.30392,5.91668,5.58508,5.29567,5.04167,4.81648,4.61522,4.43401,4.2699,4.1213,3.98449
0.184748,37.6156,35.4843,33.1307,30.7977,28.6849,26.9856,25.605,24.2708,22.91,21.6036,20.4355,19.4571,18.5651,17.4805,16.7829,16.0632,15.1368,13.9864,12.7172,11.4712,10.3453,9.37104,8.54698,7.85716,7.2793,6.7916,6.37514,6.01844,5.70719,5.43403,5.19181,4.97529,4.7803,4.60462,4.44374,4.29643
0.200061,37.767,35.6271,33.2757,30.9525,28.8587,27.1893,25.845,24.5462,23.2246,21.9631,20.8493,19.9326,19.1063,18.0836,17.4602,16.8007,15.9181,14.7767,13.4947,12.2179,11.0448,10.02,9.14978,8.41603,7.79984,7.27916,6.83423,6.45168,6.12031,5.8283,5.56927,5.33766,5.129,4.94095,4.76866,4.61092
0.215836,37.9089,35.7609,33.4115,31.0976,29.0212,27.3799,26.0691,24.8033,23.5177,22.2978,21.2343,20.3761,19.6136,18.6471,18.0942,17.4987,16.6523,15.5286,14.2397,12.9363,11.7236,10.6545,9.74038,8.96593,8.31372,7.76162,7.29087,6.88448,6.53238,6.22199,5.94653,5.70011,5.47799,5.27771,5.09418,4.92613
0.232027,38.042,35.8863,33.5387,31.2334,29.1736,27.5589,26.279,25.0448,23.7923,22.6102,21.5948,20.7919,20.0854,19.1739,18.692,18.1523,17.3392,16.2357,14.9454,13.6222,12.3774,11.2728,10.3166,9.5069,8.82083,8.23888,7.74065,7.31298,6.93959,6.61275,6.32136,6.06053,5.82527,5.612,5.41846,5.24026
0.248583,38.1668,36.004,33.6582,31.3609,29.3164,27.7266,26.4766,25.2714,24.0486,22.9031,21.9308,21.1792,20.5259,19.6695,19.2468,18.7629,17.9886,16.8975,15.6099,14.2732,13.0029,11.8661,10.8775,10.0318,9.31652,8.70666,8.1838,7.73462,7.34209,6.99834,6.69163,6.41689,6.16891,5.94494,5.73971,5.55161
0.26546,38.284,36.1146,33.7703,31.4805,29.4506,27.8845,26.6625,25.4831,24.2885,23.1765,22.2451,21.5429,20.9398,20.1307,19.7652,19.333,18.5952,17.523,16.2334,14.8883,13.5982,12.4346,11.416,10.5421,9.79657,9.16108,8.61689,8.14742,7.73684,7.37572,7.05563,6.76754,6.50731,6.27109,6.05644,5.85874
0.28261,38.3942,36.2184,33.8756,31.5928,29.5767,28.0325,26.8366,25.6816,24.514,23.4334,22.5404,21.8825,21.3257,20.5623,20.25,19.8651,19.1522,18.0995,16.8228,15.4672,14.1659,12.9768,11.9348,11.0319,10.2626,9.60339,9.03801,8.5482,8.12208,7.74567,7.41176,7.11096,6.83899,6.5919,6.36728,6.16031
0.299983,38.4978,36.3162,33.9746,31.6984,29.6951,28.1722,27.0008,25.8687,24.726,23.6736,22.8166,22.2005,21.6869,20.9691,20.7074,20.3617,19.6778,18.6433,17.3682,16.0152,14.699,13.4949,12.4283,11.5039,10.7096,10.0307,9.44423,8.9383,8.49642,8.10573,7.75753,7.44587,7.16272,6.90528,6.67006,6.45517
0.317531,38.5952,36.4081,34.0677,31.7977,29.8066,28.3033,27.1548,26.0449,24.9243,23.8997,23.0766,22.5002,22.0272,21.3483,21.1323,20.8314,20.1681,19.1504,17.8825,16.5247,15.2009,13.983,12.9003,11.9553,11.1404,10.4403,9.83748,9.31541,8.85751,8.45481,8.09426,7.77127,7.47752,7.21021,6.96678,6.7424
0.335211,38.687,36.4946,34.1553,31.891,29.9113,28.4271,27.3004,26.21,25.1113,24.1115,23.32,22.7805,22.345,21.7037,21.53,21.2652,20.6339,19.6229,18.3629,17.0059,15.6765,14.4472,13.3464,12.3838,11.5526,10.8348,10.2157,9.67877,9.20722,8.79218,8.42012,8.08642,7.78264,7.50598,7.25286,7.02129
0.352973,38.7733,36.5761,34.2378,31.979,30.0101,28.5441,27.437,26.366,25.2865,24.3112,23.5496,23.0452,22.6449,22.0397,21.9061,21.67,21.061,20.0628,18.8111,17.4564,16.1235,14.8853,13.7714,12.7932,11.946,11.2124,10.5785,10.0279,9.54379,9.11724,8.73444,8.39071,8.07748,7.79197,7.5315,7.29123
0.370776,38.8547,36.6529,34.3155,32.0618,30.1033,28.6539,27.5663,26.5122,25.452,24.4984,23.7647,23.2929,22.9253,22.3533,22.2558,22.054,21.4582,20.4726,19.2291,17.8778,16.5431,15.2953,14.1736,13.1821,12.3188,11.5728,10.9255,10.361,9.86687,9.4297,9.03691,8.68377,8.36166,8.06779,7.79852,7.55184
0.388577,38.9315,36.7253,34.3888,32.14,30.1909,28.7579,27.6877,26.6506,25.6073,24.6754,23.9681,23.5272,23.1886,22.6501,22.5836,22.4087,21.8284,20.8545,19.6192,18.2718,16.9368,15.684,14.5537,13.5508,12.6749,11.9147,11.2569,10.6811,10.1764,9.72942,9.32735,8.96544,8.63498,8.33323,8.05747,7.80287
0.406335,39.0039,36.7936,34.4577,32.2135,30.2737,28.8555,27.8029,26.7805,25.7542,24.8423,24.1588,23.7467,23.4379,22.9274,22.8946,22.7401,22.1828,21.219,19.9832,18.6404,17.306,16.0498,14.9125,13.8979,13.0131,12.2432,11.5714,10.9867,10.4724,10.0164,9.60569,9.2356,8.89731,8.58814,8.30443,8.04416
0.424014,39.0721,36.8581,34.523,32.283,30.3519,28.9482,27.912,26.9037,25.892,24.9988,24.3394,23.9547,23.6712,23.1902,23.1839,23.056,22.5067,21.5524,20.3231,18.9851,17.6523,16.394,15.2486,14.2302,13.3339,12.5524,11.8737,11.2783,10.7551,10.2907,9.87206,9.49434,9.14872,8.83257,8.54317,8.27572
0.441577,39.1366,36.9189,34.5845,32.3485,30.4255,29.0359,28.0143,27.0202,26.0227,25.147,24.5088,24.1496,23.8925,23.4358,23.4589,23.3475,22.8172,21.8709,20.6469,19.3077,17.9771,16.7176,15.5701,14.5406,13.6379,12.8474,12.1585,11.556,11.0247,10.5527,10.1266,9.74178,9.38929,9.06657,8.77098,8.49758
0.45899,39.1975,36.9763,34.6426,32.4103,30.4952,29.1183,28.1115,27.1295,26.1463,25.2861,24.6695,24.3346,24.0996,23.6666,23.7147,23.6259,23.1005,22.1621,20.9445,19.6142,18.2817,17.0248,15.8713,14.8377,13.9258,13.129,12.4319,11.8202,11.2815,10.8025,10.3696,9.97816,9.61923,9.29136,8.98888,8.70989
0.476224,39.2549,37.0306,34.6975,32.4687,30.5611,29.1966,28.2037,27.2333,26.2622,25.4182,24.8215,24.5081,24.2963,23.8865,23.9583,23.8825,23.3733,22.4412,21.2284,19.8976,18.5676,17.3113,16.155,15.1167,14.1984,13.393,12.6903,12.073,11.5261,11.0406,10.6013,10.2037,9.83878,9.5052,9.19709,8.91283
0.493249,39.3128,37.0818,34.7494,32.5239,30.6231,29.2708,28.2901,27.3317,26.3723,25.5421,24.9641,24.673,24.4804,24.0944,24.1848,24.1223,23.6215,22.696,21.4891,20.1627,18.8394,17.5805,16.4225,15.3801,14.4563,13.6462,12.9356,12.312,11.7588,11.2673,10.8234,10.4189,10.0482,9.70924,9.39589,9.10663
0.51004,39.3639,37.1303,34.7984,32.5761,30.6819,29.3405,28.3723,27.4239,26.4765,25.6599,25.0996,24.8276,24.6556,24.2883,24.3974,24.3535,23.8617,22.9415,21.7386,20.4157,19.0917,17.8338,16.6745,15.6289,14.7021,13.8848,13.1683,12.5389,11.9813,11.4831,11.0338,10.6238,10.249,9.90381,9.58552,9.29156
0.526574,39.409,37.1761,34.8448,32.6253,30.7376,29.4068,28.4495,27.5116,26.5743,25.7715,25.2267,24.9749,24.8215,24.4707,24.6012,24.5719,24.0885,23.1649,21.9676,20.6493,19.3284,18.072,16.9122,15.8639,14.9332,14.1108,13.389,12.7544,12.1918,11.6883,11.234,10.8191,10.4394,10.0893,9.76633,9.46887
0.542828,39.4586,37.2194,34.8886,32.6721,30.7904,29.4697,28.523,27.5939,26.6673,25.8762,25.3477,25.1145,24.9766,24.6478,24.7941,24.7719,24.2935,23.3814,22.1876,20.8727,19.5544,18.2992,17.1387,16.0858,15.1516,14.3248,13.5983,12.959,12.3916,11.8848,11.4245,11.006,10.6206,10.266,9.93959,9.63704
0.558785,39.5016,37.2604,34.9301,32.7162,30.84,29.5288,28.593,27.6724,26.7546,25.9759,25.4626,25.2452,25.1224,24.8086,24.9727,24.9652,24.4931,23.5858,22.3891,21.0787,19.7639,18.5108,17.3503,16.2975,15.3582,14.5275,13.7968,13.1532,12.5815,12.0704,11.6057,11.183,10.7931,10.4342,10.1038,9.79719
0.574429,39.5427,37.2992,34.9694,32.758,30.8872,29.5851,28.6595,27.747,26.8388,26.0705,25.5702,25.3699,25.2641,24.9643,25.14,25.1417,24.682,23.7705,22.5835,21.2762,19.9641,18.7126,17.5497,16.4958,15.5536,14.7212,13.9865,13.3389,12.7617,12.2468,11.778,11.3513,10.9573,10.5954,10.2601,9.94969
0.589744,39.5815,37.3359,35.0065,32.7976,30.9319,29.6386,28.7217,27.8178,26.9174,26.1591,25.6729,25.4865,25.393,25.1123,25.306,25.3134,24.8517,23.9506,22.767,21.4582,20.1496,18.9004,17.7403,16.6829,15.7404,14.9033,14.1651,13.5139,12.9343,12.4144,11.943,11.5113,11.1146,10.7479,10.4088,10.0958
0.60472,39.6183,37.3707,35.0417,32.835,30.9743,29.6895,28.781,27.8841,26.9912,26.2436,25.7704,25.5983,25.5201,25.2495,25.4519,25.4692,25.0184,24.1211,22.9343,21.6334,20.3275,19.0771,17.9181,16.8618,15.9156,15.0756,14.3343,13.6799,13.097,12.5736,12.0989,11.6635,11.2633,10.893,10.5513,10.2341
0.619345,39.6531,37.4068,35.0751,32.8706,31.0142,29.7371,28.8376,27.9473,27.0628,26.324,25.8616,25.7045,25.6373,25.3818,25.6006,25.629,25.1767,24.2741,23.0966,21.7988,20.492,19.2466,18.0882,17.0292,16.0811,15.2404,14.4963,13.8373,13.2514,12.7261,12.2469,11.8094,11.4046,11.032,10.6861,10.3656
0.633613,39.6861,37.4374,35.1084,32.9045,31.0522,29.7825,28.8904,28.0074,27.1295,26.3991,25.9489,25.8034,25.7497,25.5075,25.7292,25.7693,25.3263,24.4247,23.2501,21.9506,20.6502,19.404,18.2467,17.1894,16.2397,15.3953,14.6486,13.9882,13.398,12.87,12.3889,11.9471,11.539,11.1634,10.8143,10.4907
0.647515,39.7173,37.4669,35.1381,32.9359,31.0882,29.8258,28.9418,28.0637,27.1932,26.471,26.0304,25.8985,25.8541,25.6235,25.8632,25.9061,25.4592,24.5678,23.3895,22.0974,20.7963,19.5552,18.3987,17.3391,16.3882,15.5417,14.7928,14.1301,13.5385,13.0065,12.5227,12.0779,11.668,11.2882,10.9361,10.6107
0.661048,39.7469,37.4947,35.1646,32.9665,31.1225,29.8671,28.9897,28.1174,27.2527,26.5394,26.1103,25.989,25.9548,25.7359,25.9823,26.029,25.5911,24.7029,23.5256,22.2319,20.9373,19.6984,18.5403,17.4804,16.5306,15.6822,14.9311,14.2646,13.6708,13.1375,12.6498,12.2035,11.7896,11.4069,11.053,10.724
0.674208,39.7749,37.5211,35.1934,32.9947,31.155,29.9055,29.0354,28.1687,27.3096,26.6045,26.184,26.0729,26.0506,25.8391,26.0985,26.1508,25.717,24.8305,23.6547,22.3628,21.0708,19.8309,18.6763,17.6163,16.6638,15.8139,15.061,14.3938,13.7977,13.2608,12.7718,12.3218,11.9052,11.5208,11.1634,10.8317
0.686993,39.8015,37.5462,35.2186,33.0224,31.1852,29.9423,29.078,28.2175,27.3639,26.6651,26.2529,26.1539,26.1391,25.9434,26.2035,26.2672,25.8362,24.9438,23.7767,22.4869,21.1936,19.9586,18.8028,17.7429,16.7917,15.9404,15.184,14.5151,13.917,13.3778,12.8867,12.4342,12.0162,11.6283,11.2682,10.9351
0.699403,39.8267,37.5699,35.2426,33.048,31.2147,29.9773,29.1188,28.264,27.4156,26.7232,26.3214,26.2312,26.2249,26.0327,26.313,26.3776,25.949,25.0565,23.8866,22.6041,21.3125,20.0767,18.9246,17.8649,16.9112,16.0588,15.3023,14.6316,14.0301,13.4904,12.9957,12.5422,12.1207,11.7315,11.369,11.0326
0.711438,39.8506,37.5925,35.2654,33.0723,31.242,30.0108,29.1577,28.3071,27.4648,26.7787,26.384,26.3023,26.3067,26.1268,26.4083,26.4823,26.0476,25.1642,23.9948,22.7107,21.4254,20.1911,19.0377,17.9783,17.0261,16.1707,15.4131,14.7409,14.139,13.5961,13.1006,12.6438,12.2212,11.8287,11.4639,11.1252
0.7231,39.8732,37.6138,35.2871,33.0954,31.2687,30.0419,29.195,28.3485,27.5105,26.8314,26.4444,26.3714,26.3815,26.21,26.5021,26.5743,26.1468,25.2662,24.0979,22.8151,21.5287,20.2996,19.147,18.0879,17.1334,16.2787,15.5198,14.8461,14.2411,13.6979,13.1992,12.7416,12.3158,11.9209,11.5551,11.2143
0.734393,39.8947,37.6341,35.3077,33.1174,31.2934,30.0724,29.2305,28.388,27.5544,26.8802,26.502,26.4375,26.4547,26.2916,26.5854,26.6667,26.2422,25.3627,24.1956,22.9143,21.6295,20.3994,19.2481,18.192,17.2368,16.3814,15.6196,14.9447,14.3395,13.7933,13.2941,12.8335,12.4055,12.0098,11.641,11.2982
0.745319,39.9151,37.6533,35.3272,33.1383,31.3168,30.1007,29.2633,28.4257,27.5963,26.9273,26.5548,26.5004,26.5246,26.3696,26.669,26.7554,26.3329,25.447,24.2825,23.0083,21.7252,20.4965,19.3462,18.2885,17.3331,16.4772,15.7158,15.0379,14.4317,13.8853,13.3832,12.9206,12.492,12.0934,11.7225,11.3789
0.755882,39.9345,37.6716,35.3457,33.1581,31.3395,30.1277,29.2958,28.4605,27.6362,26.9724,26.6063,26.5575,26.5876,26.4393,26.7493,26.8399,26.4188,25.5321,24.3691,23.0931,21.8123,20.5887,19.4396,18.3818,17.4263,16.5696,15.8057,15.1281,14.5206,13.9715,13.4691,13.0048,12.5733,12.1738,11.8011,11.4547
0.766089,39.9529,37.6889,35.3633,33.1769,31.3608,30.1535,29.3258,28.4951,27.6729,27.0153,26.6555,26.6137,26.6536,26.5087,26.826,26.9201,26.5002,25.6139,24.452,23.1767,21.8978,20.6732,19.5254,18.4683,17.5128,16.6557,15.8925,15.2141,14.6038,14.0548,13.5496,13.0837,12.6517,12.2494,11.8749,11.5278
0.775945,39.9703,37.7053,35.38,33.1948,31.3811,30.1781,29.3544,28.5268,27.7098,27.0544,26.7025,26.6675,26.711,26.5754,26.8989,26.9886,26.5695,25.6917,24.5306,23.2566,21.9793,20.7558,19.609,18.5523,17.5967,16.739,15.9734,15.2942,14.6842,14.1326,13.6274,13.1599,12.7251,12.3223,11.9461,11.5965
0.785456,39.9869,37.721,35.3959,33.2118,31.4004,30.2009,29.3818,28.5572,27.7432,27.0944,26.7447,26.7188,26.7676,26.6391,26.9683,27.0587,26.6406,25.7655,24.6051,23.3324,22.0566,20.8344,19.6887,18.6324,17.6743,16.8165,16.0518,15.3718,14.7592,14.2079,13.7001,13.2312,12.7961,12.3907,12.0129,11.6627
0.794627,40.0026,37.7358,35.411,33.228,31.4187,30.2235,29.408,28.5863,27.7755,27.13,26.7891,26.7642,26.8175,26.6997,27.0278,27.1267,26.7095,25.8354,24.6702,23.3998,22.1263,20.9059,19.7616,18.706,17.75,16.8917,16.1266,15.444,14.8319,14.2782,13.7704,13.3003,12.8625,12.4567,12.0774,11.7247
0.803468,40.0175,37.7499,35.4253,33.2434,31.4362,30.2442,29.4319,28.6141,27.8063,27.1648,26.8276,26.8133,26.8723,26.7523,27.0886,27.1917,26.7755,25.9016,24.7361,23.4672,22.1952,20.9763,19.833,18.7779,17.8222,16.9613,16.196,15.514,14.8996,14.3463,13.8362,13.3662,12.9268,12.5185,12.1378,11.7836
0.811985,40.0364,37.7632,35.4389,33.258,31.4529,30.264,29.456,28.6406,27.8358,27.198,26.8657,26.8549,26.918,26.8109,27.1475,27.2537,26.8382,25.9579,24.7995,23.5318,22.2612,21.0435,19.9011,18.8465,17.8885,17.0292,16.2633,15.5791,14.9654,14.4097,13.8999,13.4276,12.9868,12.5783,12.1962,11.8406
0.820185,40.0467,37.776,35.4518,33.2718,31.4688,30.283,29.4779,28.6647,27.8639,27.2297,26.9021,26.8963,26.964,26.8591,27.2038,27.3125,26.8977,26.0159,24.8599,23.5932,22.3238,21.1074,19.963,18.9091,17.9533,17.0941,16.3256,15.6424,15.0264,14.4714,13.9592,13.4856,13.0451,12.6342,12.2508,11.8952
0.828078,40.0612,37.788,35.4641,33.285,31.4839,30.3012,29.499,28.688,27.8891,27.26,26.9369,26.9361,27.0082,26.9077,27.2576,27.3685,26.9542,26.0722,24.9173,23.6514,22.3795,21.1649,20.024,18.9706,18.0153,17.1536,16.3865,15.703,15.0859,14.5287,14.0169,13.5421,13.0993,12.6884,12.3038,11.946
0.83567,40.072,37.8033,35.4758,33.2976,31.4983,30.3185,29.5191,28.7104,27.9155,27.2867,26.9669,26.9742,27.0504,26.9546,27.3088,27.4138,27.0078,26.126,24.9717,23.7023,22.4352,21.2218,20.0824,19.0295,18.0719,17.2119,16.4447,15.7588,15.1428,14.5845,14.0705,13.5963,13.1521,12.7389,12.3531,11.9953
0.842971,40.0841,37.8115,35.4868,33.3095,31.512,30.3351,29.5384,28.7319,27.9385,27.3134,27.0007,27.0064,27.0908,26.9994,27.3575,27.4697,27.0511,26.1772,25.0233,23.7538,22.4888,21.2765,20.138,19.0828,18.1275,17.2677,16.4981,15.8134,15.1953,14.6379,14.1227,13.6464,13.2026,12.7881,12.4011,12.0412
0.849988,40.0945,37.8232,35.4974,33.3209,31.525,30.3509,29.5569,28.7524,27.9611,27.3391,27.0283,27.0438,27.1244,27.0364,27.3972,27.5119,27.1048,26.2259,25.0671,23.8036,22.5398,21.3285,20.1879,19.1355,18.1808,17.3187,16.5505,15.8636,15.2466,14.6872,14.1728,13.6952,13.2493,12.8337,12.4471,12.0858
0.856729,40.1051,37.832,35.5074,33.3316,31.5375,30.366,29.5745,28.772,27.9828,27.3636,27.0562,27.0735,27.1644,27.0811,27.4389,27.5556,27.1452,26.272,25.1122,23.851,22.5883,21.3746,20.2374,19.186,18.229,17.3687,16.6006,15.9129,15.2938,14.7353,14.2189,13.7404,13.2949,12.8782,12.4896,12.1273
0.863204,40.1147,37.8418,35.5203,33.3419,31.5493,30.3805,29.5914,28.7907,28.0035,27.3871,27.0832,27.1039,27.1955,27.1154,27.4799,27.5983,27.1869,26.3159,25.1562,23.8962,22.6304,21.4209,20.2851,19.2342,18.2767,17.4168,16.6463,15.9601,15.3401,14.7796,14.264,13.7847,13.337,12.9209,12.5311,12.1678
0.86942,40.1242,37.8502,35.5272,33.3516,31.5605,30.3942,29.6075,28.8086,28.0233,27.4096,27.109,27.1334,27.2275,27.1508,27.5194,27.6394,27.2279,26.3512,25.1983,23.939,22.6732,21.4654,20.3305,19.2773,18.3225,17.4602,16.6913,16.0032,15.3846,14.8232,14.3054,13.8271,13.3783,12.9601,12.5694,12.2065
0.875387,40.133,37.8588,35.5367,33.3609,31.5713,30.4074,29.6229,28.8257,28.0422,27.431,27.1336,27.1616,27.2586,27.1854,27.5573,27.6787,27.2673,26.3952,25.2384,23.9752,22.7147,21.5079,20.3706,19.3203,18.3663,17.5032,16.7345,16.0457,15.4251,14.865,14.3463,13.866,13.4179,12.9986,12.6069,12.2422
0.88111,40.1414,37.8665,35.5441,33.3698,31.5815,30.4199,29.6376,28.842,28.0602,27.4515,27.1572,27.1886,27.2885,27.2186,27.5934,27.7162,27.305,26.4282,25.2765,24.0172,22.7543,21.5484,20.4109,19.3616,18.4053,17.5446,16.7736,16.0865,15.4651,14.9031,14.3855,13.9042,13.4541,13.034,12.643,12.2772
0.8866,40.1494,37.8742,35.5521,33.3782,31.5912,30.4318,29.6516,28.8575,28.0774,27.471,27.1797,27.2144,27.317,27.2504,27.6279,27.7518,27.3408,26.4624,25.3127,24.0507,22.7919,21.5834,20.4499,19.3981,18.4443,17.5841,16.8123,16.1233,15.5035,14.9407,14.4211,13.9409,13.4897,13.0688,12.6759,12.3094
0.891863,40.1571,37.8813,35.5592,33.3886,31.6004,30.4432,29.6649,28.8723,28.0938,27.4896,27.2012,27.239,27.3443,27.2808,27.6608,27.7858,27.3749,26.496,25.3418,24.0847,22.8278,21.619,20.4871,19.4378,18.4818,17.6194,16.8495,16.1598,15.5382,14.9768,14.4563,13.9742,13.5223,13.1023,12.7084,12.341
0.896909,40.1644,37.8882,35.5662,33.3949,31.6092,30.4541,29.6749,28.8821,28.1095,27.5073,27.2216,27.2625,27.3703,27.3098,27.6921,27.8,27.4074,26.5284,25.3782,24.1178,22.8579,21.6536,20.5225,19.4714,18.5177,17.6546,16.8828,16.1951,15.5726,15.0094,14.4902,14.0072,13.5545,13.1327,12.7396,12.3715
0.901745,40.1713,37.8947,35.5727,33.4023,31.6188,30.4636,29.6885,28.8986,28.1188,27.5169,27.2318,27.2735,27.382,27.3374,27.7054,27.842,27.4208,26.5593,25.4055,24.1495,22.8931,21.6867,20.5531,19.5049,18.5493,17.6886,16.9161,16.2288,15.6058,15.0418,14.5208,14.0389,13.5856,13.1628,12.7679,12.3991
0.906377,40.1778,37.9009,35.579,33.4088,31.6259,30.4724,29.6976,28.9076,28.1372,27.5385,27.2572,27.3028,27.4145,27.3494,27.7441,27.8566,27.4611,26.5887,25.4337,24.1796,22.9211,21.7183,20.5842,19.5372,18.5811,17.7211,16.9483,16.2587,15.6376,15.073,14.5512,14.0675,13.6153,13.1918,12.7959,12.4265
0.910814,40.1841,37.9067,35.5849,33.4152,31.6331,30.4809,29.7073,28.9227,28.1458,27.5476,27.267,27.3136,27.4261,27.3837,27.7577,27.8975,27.4929,26.6167,25.4615,24.2038,22.9495,21.7447,20.6145,19.565,18.6118,17.7496,16.9791,16.2887,15.6659,15.1029,14.5805,14.0959,13.642,13.2178,12.8229,12.4528
0.915063,40.19,37.9124,35.5906,33.4212,31.6399,30.4889,29.7196,28.9309,28.1628,27.5676,27.2908,27.3413,27.4571,27.3958,27.7952,27.9112,27.5051,26.6434,25.4883,24.2342,22.9772,21.7758,20.6436,19.5934,18.6413,17.7783,17.0061,16.3177,15.6941,15.1295,14.6085,14.1233,13.6686,13.2438,12.8471,12.4765
0.91913,40.1957,37.9177,35.596,33.427,31.6464,30.4967,29.7276,28.9448,28.1707,27.5759,27.2998,27.3513,27.468,27.4289,27.8079,27.9489,27.5408,26.6543,25.5139,24.2569,23.0038,21.8004,20.6713,19.6211,18.6667,17.8062,17.0333,16.3431,15.7214,15.1561,14.6335,14.1478,13.6942,13.2688,12.8713,12.5001
0.923024,40.2011,37.9228,35.6012,33.4325,31.6526,30.5041,29.7361,28.9524,28.1863,27.5943,27.3216,27.3767,27.4965,27.4402,27.8425,27.9615,27.553,26.6874,25.5384,24.2804,23.0291,21.8254,20.6944,19.6477,18.6925,17.8329,17.0597,16.3711,15.7476,15.1818,14.6584,14.1722,13.717,13.2928,12.8946,12.5229
0.92675,40.2063,37.9276,35.6061,33.4377,31.6586,30.5112,29.7444,28.9612,28.1936,27.6019,27.3299,27.3859,27.5064,27.4707,27.8542,27.9959,27.5871,26.7137,25.5616,24.3035,23.0493,21.8498,20.7183,19.6732,18.7177,17.8558,17.0851,16.3947,15.7705,15.2065,14.6825,14.1959,13.7398,13.3141,12.9153,12.5447
0.930314,40.2111,37.9322,35.6108,33.4427,31.6642,30.5181,29.7523,28.9699,28.2025,27.6115,27.3404,27.4092,27.5325,27.481,27.8859,28.0073,27.5984,26.7237,25.5837,24.3259,23.0748,21.8733,20.7419,19.6943,18.742,17.8792,17.1093,16.4182,15.7936,15.228,14.7037,14.2187,13.762,13.3354,12.9361,12.5641
0.933725,40.2158,37.9366,35.6152,33.4475,31.6696,30.5246,29.7599,28.9784,28.2117,27.6293,27.3618,27.4176,27.5416,27.509,27.8965,28.0213,27.6297,26.7531,25.5927,24.3474,23.0938,21.8957,20.7646,19.7194,18.7653,17.9021,17.1301,16.441,15.8161,15.2498,14.725,14.2386,13.7832,13.3561,12.9563,12.5835
0.936986,40.2202,37.9408,35.6195,33.452,31.6748,30.5309,29.7699,28.9866,28.2208,27.636,27.3693,27.4282,27.5529,27.5184,27.9095,28.0557,27.64,26.763,25.62,24.3679,23.1135,21.9134,20.7864,19.7392,18.7875,17.9241,17.1512,16.4605,15.8377,15.2709,14.7459,14.2586,13.8018,13.3742,12.9756,12.6023
0.940106,40.2245,37.9448,35.6235,33.4563,31.6798,30.5369,29.7761,28.9944,28.2295,27.6444,27.3786,27.4397,27.579,27.5302,27.9412,28.0663,27.6526,26.7911,25.6294,24.3873,23.1329,21.936,20.8072,19.7593,18.8058,17.9452,17.1719,16.4804,15.8561,15.2913,14.7659,14.2781,13.8205,13.3924,12.9925,12.6187
0.943088,40.2285,37.9486,35.6274,33.4605,31.6845,30.5427,29.7827,29.002,28.238,27.6534,27.3886,27.4634,27.5873,27.5431,27.9511,28.0789,27.684,26.8004,25.6563,24.3951,23.1518,21.9528,20.827,19.779,18.8247,17.9626,17.1918,16.4999,15.8749,15.3087,14.7852,14.2969,13.8387,13.4103,13.0096,12.6353
0.94594,40.2323,37.9522,35.631,33.4644,31.689,30.5482,29.7891,29.0092,28.246,27.6623,27.3987,27.4709,27.5975,27.5721,27.9628,28.0927,27.6937,26.8118,25.6652,24.419,23.1698,21.9701,20.8426,19.798,18.8434,17.9834,17.2109,16.5188,15.8933,15.3263,14.8015,14.313,13.8563,13.4274,13.0262,12.6515
0.948665,40.2359,37.9556,35.6345,33.4681,31.6933,30.5535,29.7952,29.0161,28.2538,27.6709,27.4086,27.4799,27.6085,27.5808,27.9756,28.1069,27.7051,26.8403,25.6901,24.4385,23.1871,21.9873,20.859,19.8162,18.8616,17.9998,17.2266,16.5369,15.9112,15.3437,14.8181,14.3313,13.8712,13.4439,13.0422,12.6671
0.95127,40.2394,37.9589,35.6378,33.4717,31.6975,30.5586,29.8011,29.0228,28.2612,27.6793,27.4183,27.4897,27.6198,27.591,27.9888,28.1213,27.7175,26.8491,25.6983,24.4457,23.1938,22.0039,20.8754,19.8304,18.879,18.0164,17.2429,16.5518,15.9283,15.3605,14.8345,14.3463,13.8865,13.4579,13.0558,12.6821
0.953759,40.2427,37.962,35.641,33.4751,31.7014,30.5635,29.8067,29.0291,28.2683,27.6874,27.4277,27.4997,27.6312,27.6021,28.0021,28.1356,27.7305,26.8594,25.721,24.4671,23.2148,22.0199,20.8915,19.8454,18.8957,18.0327,17.259,16.5671,15.9423,15.3767,14.8503,14.3614,13.9015,13.4721,13.0697,12.6948
0.956137,40.2459,37.965,35.6441,33.4784,31.7052,30.5681,29.8121,29.0352,28.2751,27.6951,27.4366,27.5096,27.6423,27.6135,28.0153,28.1496,27.7436,26.8706,25.7284,24.4743,23.2322,22.0352,20.907,19.8604,18.9086,18.0485,17.2746,16.5824,15.9568,15.3899,14.8655,14.3761,13.916,13.4861,13.0833,12.7078
0.95841,40.2489,37.9678,35.6469,33.4815,31.7088,30.5726,29.8173,29.0411,28.2817,27.7025,27.4453,27.5193,27.6532,27.6249,28.0283,28.1633,27.7566,26.8971,25.7374,24.495,23.2385,22.0412,20.9219,19.8752,18.9223,18.0608,17.2896,16.5972,15.9712,15.4036,14.8779,14.3882,13.9299,13.4996,13.0966,12.7205
0.960579,40.2517,37.9705,35.6497,33.4844,31.7122,30.5769,29.8223,29.0467,28.2879,27.7096,27.4535,27.5286,27.6636,27.6362,28.0408,28.1764,27.7694,26.9048,25.7602,24.5017,23.2574,22.0596,20.9362,19.8894,18.936,18.0767,17.3041,16.6114,15.9852,15.4171,14.8907,14.4029,13.9413,13.5107,13.1093,12.7328
0.962652,40.2545,37.9731,35.6523,33.4872,31.7155,30.581,29.8271,29.0521,28.2939,27.7164,27.4614,27.5377,27.6738,27.6472,28.053,28.1891,27.7818,26.9136,25.7671,24.5208,23.2638,22.075,20.9416,19.9031,18.9495,18.0885,17.3152,16.6251,15.9987,15.4303,14.9034,14.4144,13.9531,13.5242,13.1196,12.7429
0.964632,40.257,37.9756,35.6548,33.4899,31.7186,30.5849,29.8317,29.0572,28.2997,27.7229,27.469,27.5464,27.6835,27.6578,28.0647,28.2013,27.7939,26.9231,25.7752,24.527,23.2821,22.0806,20.9586,19.9163,18.9625,18.1006,17.327,16.6357,16.0116,15.443,14.9158,14.4261,13.9647,13.5347,13.1304,12.7551
0.966523,40.2595,37.9779,35.6572,33.4925,31.7216,30.5887,29.8361,29.0622,28.3052,27.7291,27.4763,27.5547,27.6928,27.6681,28.0759,28.213,27.8055,26.9329,25.784,24.5344,23.288,22.0973,20.9729,19.9288,18.9751,18.1126,17.3388,16.6494,16.0216,15.4552,14.9278,14.4376,13.9761,13.5454,13.141,12.7647
0.968328,40.2619,37.9801,35.6594,33.4949,31.7245,30.5923,29.8403,29.0669,28.3105,27.7351,27.4833,27.5627,27.7017,27.678,28.0867,28.2242,27.8166,26.9428,25.7933,24.5536,23.305,22.1029,20.978,19.9335,18.9871,18.1244,17.3504,16.6596,16.0346,15.4647,14.937,14.4487,13.9871,13.5559,13.1514,12.7744
0.970052,40.2641,37.9822,35.6616,33.4973,31.7272,30.5958,29.8443,29.0715,28.3155,27.7408,27.49,27.5703,27.7103,27.6875,28.0971,28.235,27.8273,26.9526,25.8026,24.5594,23.3105,22.1191,20.9935,19.9484,18.9916,18.1358,17.3616,16.67,16.0442,15.4745,14.9491,14.4573,13.9977,13.5661,13.1614,12.784
0.971698,40.2662,37.9842,35.6636,33.4995,31.7298,30.5991,29.8482,29.0758,28.3203,27.7463,27.4963,27.5777,27.7185,27.6967,28.107,28.2452,27.8375,26.9623,25.812,24.5661,23.3169,22.1244,20.9987,19.961,19.0089,18.1467,17.3725,16.6803,16.054,15.4869,14.958,14.4686,14.0058,13.574,13.1711,12.7933
0.973268,40.2683,37.9862,35.6656,33.5016,31.7323,30.6023,29.852,29.08,28.3249,27.7515,27.5025,27.5847,27.7263,27.7054,28.1165,28.255,27.8473,26.9716,25.8212,24.5735,23.334,22.1306,21.0137,19.9655,19.013,18.1507,17.383,16.6904,16.0638,15.4957,14.9671,14.4769,14.0143,13.5843,13.1784,12.8004
0.974768,40.2702,37.988,35.6674,33.5036,31.7347,30.6054,29.8555,29.084,28.3294,27.7566,27.5083,27.5915,27.7338,27.7138,28.1255,28.2644,27.8566,26.9807,25.8302,24.5811,23.3392,22.1471,21.0186,19.9791,19.0262,18.1635,17.3868,16.7002,16.0733,15.5048,14.9761,14.4855,14.025,13.5919,13.1862,12.8098
0.976199,40.272,37.9897,35.6692,33.5056,31.737,30.6083,29.859,29.0878,28.3336,27.7614,27.5139,27.5979,27.741,27.7218,28.1342,28.2733,27.8655,26.9894,25.8389,24.5889,23.3451,22.1522,21.0327,19.9836,19.0305,18.1746,17.4017,16.7038,16.0826,15.5136,14.985,14.4939,14.0327,13.5997,13.1959,12.8167
0.977565,40.2738,37.9914,35.6709,33.5074,31.7392,30.6111,29.8622,29.0914,28.3377,27.766,27.5193,27.6041,27.7479,27.7295,28.1425,28.2818,27.874,26.9978,25.8473,24.5967,23.3515,22.1579,21.0372,19.9968,19.0436,18.1784,17.4053,16.7152,16.086,15.5169,14.9936,14.5023,14.0405,13.6074,13.2029,12.8238
0.978869,40.2755,37.993,35.6725,33.5091,31.7413,30.6138,29.8654,29.0949,28.3415,27.7704,27.5245,27.61,27.7545,27.7368,28.1505,28.29,27.8821,27.0059,25.8555,24.6044,23.3582,22.1641,21.0424,20.001,19.0478,18.1903,17.4166,16.7252,16.0967,15.5299,15.002,14.5103,14.0482,13.6151,13.21,12.8309
0.980113,40.2771,37.9945,35.6741,33.5108,31.7432,30.6164,29.8684,29.0983,28.3453,27.7746,27.5294,27.6157,27.7608,27.7439,28.1581,28.2978,27.8899,27.0136,25.8632,24.6119,23.3651,22.1798,21.0565,20.006,19.0602,18.1942,17.4204,16.7286,16.1062,15.533,15.005,14.5133,14.0509,13.6224,13.217,12.8378
0.981301,40.2786,37.9959,35.6756,33.5124,31.7452,30.6188,29.8713,29.1015,28.3488,27.7786,27.5341,27.6212,27.7668,27.7506,28.1653,28.3052,27.8973,27.0209,25.8707,24.6193,23.3719,22.1844,21.0608,20.0194,19.0642,18.2057,17.4317,16.7393,16.1094,15.5429,15.0145,14.5249,14.0622,13.6251,13.2195,12.8445
0.982433,40.28,37.9973,35.6769,33.5139,31.747,30.6212,29.8741,29.1046,28.3522,27.7824,27.5386,27.6264,27.7726,27.7571,28.1723,28.3123,27.9043,27.0279,25.8778,24.6264,23.3787,22.1894,21.0656,20.0236,19.0687,18.2094,17.4353,16.7428,16.1195,15.5516,15.023,14.5276,14.0648,13.6357,13.2298,12.8469
0.983513,40.2814,37.9986,35.6783,33.5154,31.7487,30.6234,29.8768,29.1075,28.3555,27.7861,27.5429,27.6313,27.7781,27.7632,28.1789,28.3191,27.911,27.0346,25.8846,24.6332,23.3854,22.1948,21.0708,20.0282,19.0811,18.2137,17.4461,16.7532,16.1228,15.5546,15.0259,14.5364,14.0734,13.6382,13.2322,12.8566
0.984545,40.2827,37.9998,35.6796,33.5168,31.7504,30.6256,29.8793,29.1103,28.3586,27.7896,27.5471,27.6361,27.7834,27.7691,28.1852,28.3255,27.9174,27.041,25.8911,24.6398,23.3918,22.2003,21.0762,20.0331,19.0849,18.2254,17.4495,16.7565,16.1326,15.5637,15.0348,14.5393,14.0809,13.6463,13.24,12.8589
0.985528,40.284,38.001,35.6808,33.5181,31.752,30.6277,29.8817,29.113,28.3615,27.793,27.551,27.6407,27.7884,27.7748,28.1913,28.3317,27.9235,27.0471,25.8973,24.6461,23.3981,22.2059,21.0817,20.0383,19.0892,18.229,17.4534,16.7663,16.1358,15.5667,15.0377,14.5481,14.0835,13.6489,13.2469,12.8662
0.986467,40.2852,38.0022,35.6819,33.5193,31.7535,30.6297,29.8841,29.1156,28.3644,27.7962,27.5548,27.645,27.7932,27.7802,28.1971,28.3375,27.9293,27.0529,25.9033,24.6521,23.4042,22.2115,21.0872,20.0514,19.0937,18.233,17.4642,16.7695,16.1451,15.5756,15.0465,14.5509,14.0914,13.657,13.2492,12.8686
0.987362,40.2863,38.0032,35.683,33.5205,31.7549,30.6316,29.8863,29.1181,28.3671,27.7993,27.5584,27.6492,27.7978,27.7853,28.2026,28.3432,27.9348,27.0584,25.9089,24.6579,23.4101,22.217,21.0927,20.0552,19.1055,18.2373,17.4675,16.773,16.1481,15.5785,15.0493,14.5594,14.094,13.6595,13.2564,12.8759
0.988217,40.2874,38.0043,35.6841,33.5217,31.7563,30.6334,29.8885,29.1205,28.3697,27.8023,27.5619,27.6532,27.8022,27.7903,28.2079,28.3485,27.9401,27.0637,25.9143,24.6634,23.4157,22.2224,21.0981,20.0592,19.109,18.2486,17.4711,16.7828,16.1514,15.5817,15.0524,14.562,14.1017,13.6673,13.2587,12.8783
0.98903,40.2884,38.0052,35.6851,33.5228,31.7576,30.6352,29.8905,29.1227,28.3722,27.8051,27.5652,27.657,27.8065,27.795,28.2129,28.3536,27.9451,27.0687,25.9194,24.6687,23.4211,22.2277,21.1034,20.0635,19.1128,18.2519,17.475,16.7858,16.1607,15.5908,15.0613,14.565,14.1041,13.6697,13.2658,12.8853
0.989807,40.2894,38.0062,35.686,33.5238,31.7589,30.6368,29.8925,29.1249,28.3746,27.8078,27.5683,27.6607,27.8105,27.7995,28.2178,28.3585,27.9499,27.0735,25.9243,24.6737,23.4263,22.2328,21.1086,20.0678,19.1168,18.2555,17.479,16.7891,16.1635,15.5936,15.0641,14.5735,14.1069,13.677,13.268,12.8875
0.990548,40.2904,38.0071,35.6869,33.5248,31.7601,30.6384,29.8944,29.127,28.3768,27.8104,27.5714,27.6642,27.8144,27.8038,28.2224,28.3631,27.9545,27.0781,25.9289,24.6785,23.4312,22.2377,21.1136,20.0722,19.1208,18.2593,17.4895,16.7926,16.1667,15.5966,15.0671,14.5761,14.1147,13.6792,13.2706,12.89
0.991255,40.2913,38.0079,35.6878,33.5258,31.7613,30.64,29.8962,29.129,28.379,27.8128,27.5743,27.6675,27.818,27.8079,28.2268,28.3676,27.9588,27.0824,25.9334,24.6831,23.436,22.2425,21.1185,20.0765,19.125,18.2632,17.4926,16.7963,16.17,15.5998,15.0703,14.5789,14.1172,13.6818,13.2777,12.8971
0.99193,40.2921,38.0087,35.6886,33.5267,31.7624,30.6414,29.898,29.1309,28.3811,27.8152,27.577,27.6707,27.8216,27.8119,28.231,28.3718,27.963,27.0865,25.9376,24.6875,23.4405,22.2471,21.1232,20.0808,19.1291,18.2671,17.4959,16.8,16.1734,15.6032,15.0789,14.5819,14.1198,13.6845,13.2799,12.8992
0.992572,40.2929,38.0095,35.6894,33.5275,31.7634,30.6429,29.8996,29.1327,28.3831,27.8174,27.5797,27.6738,27.8249,27.8156,28.235,28.3759,27.9669,27.0905,25.9416,24.6916,23.4448,22.2515,21.1277,20.0851,19.1332,18.271,17.4992,16.8037,16.1769,15.6121,15.0815,14.5901,14.1226,13.692,13.2823,12.9016
0.993185,40.2937,38.0102,35.6902,33.5284,31.7644,30.6442,29.9012,29.1344,28.385,27.8196,27.5822,27.6767,27.8282,27.8193,28.2388,28.3797,27.9707,27.0942,25.9454,24.6956,23.4489,22.2557,21.132,20.0892,19.1372,18.2749,17.5027,16.8074,16.1804,15.6147,15.0842,14.5925,14.1255,13.6942,13.2848,12.9041
0.993769,40.2944,38.0109,35.6909,33.5291,31.7654,30.6455,29.9027,29.1361,28.3868,27.8216,27.5846,27.6795,27.8312,27.8227,28.2425,28.3834,27.9743,27.0978,25.9491,24.6994,23.4529,22.2598,21.1362,20.0932,19.1411,18.2787,17.5061,16.8111,16.1839,15.6175,15.087,14.5951,14.1332,13.6966,13.2875,12.9109
0.994327,40.2951,38.0116,35.6916,33.5299,31.7663,30.6467,29.9042,29.1376,28.3885,27.8236,27.587,27.6822,27.8342,27.826,28.246,28.3869,27.9777,27.1012,25.9525,24.703,23.4567,22.2636,21.1402,20.0971,19.145,18.2825,17.5096,16.8148,16.1874,15.6204,15.09,14.5978,14.1355,13.6991,13.2901,12.9129
0.994859,40.2958,38.0122,35.6922,33.5306,31.7672,30.6479,29.9056,29.1392,28.3902,27.8255,27.5892,27.6848,27.837,27.8291,28.2493,28.3902,27.981,27.1044,25.9558,24.7064,23.4602,22.2674,21.1441,20.1009,19.1487,18.2862,17.513,16.8183,16.1908,15.6233,15.0929,14.6005,14.1379,13.7017,13.2973,12.915
0.995366,40.2964,38.0128,35.6928,33.5313,31.768,30.649,29.9069,29.1406,28.3918,27.8273,27.5913,27.6872,27.8397,27.8321,28.2525,28.3934,27.9841,27.1075,25.959,24.7097,23.4637,22.2709,21.1477,20.1045,19.1523,18.2897,17.5164,16.8218,16.1942,15.6262,15.0959,14.6033,14.1403,13.7043,13.2994,12.9172
0.995849,40.2971,38.0134,35.6934,33.5319,31.7688,30.6501,29.9082,29.142,28.3933,27.829,27.5933,27.6896,27.8422,27.835,28.2556,28.3965,27.987,27.1105,25.962,24.7128,23.4669,22.2743,21.1512,20.108,19.1558,18.2932,17.5197,16.8252,16.1975,15.6291,15.0988,14.606,14.1428,13.7069,13.3015,12.9195
0.99631,40.2976,38.0139,35.694,33.5325,31.7696,30.6512,29.9094,29.1433,28.3947,27.8306,27.5952,27.6918,27.8447,27.8378,28.2585,28.3994,27.9899,27.1133,25.9648,24.7158,23.47,22.2775,21.1546,20.1114,19.1592,18.2965,17.5229,16.8285,16.2007,15.632,15.1017,14.6088,14.1454,13.7095,13.3037,12.9218
0.996749,40.2982,38.0145,35.6945,33.5331,31.7703,30.6522,29.9106,29.1446,28.3961,27.8322,27.5971,27.6939,27.847,27.8404,28.2613,28.4022,27.9926,27.1159,25.9676,24.7186,23.473,22.2806,21.1578,20.1146,19.1624,18.2998,17.526,16.8317,16.2039,15.6349,15.1045,14.6115,14.1479,13.7121,13.306,12.9241
0.997169,40.2987,38.015,35.695,33.5337,31.771,30.6531,29.9118,29.1458,28.3974,27.8337,27.5988,27.696,27.8493,27.8429,28.2639,28.4048,27.9951,27.1185,25.9702,24.7213,23.4758,22.2836,21.1609,20.1177,19.1656,18.3029,17.5291,16.8348,16.2069,15.6376,15.1073,14.6142,14.1504,13.7146,13.3082,12.9264
0.997568,40.2992,38.0154,35.6955,33.5342,31.7717,30.654,29.9128,29.147,28.3987,27.8351,27.6005,27.6979,27.8514,27.8453,28.2665,28.4073,27.9976,27.1209,25.9726,24.7238,23.4785,22.2864,21.1638,20.1207,19.1686,18.3059,17.532,16.8378,16.2098,15.6404,15.1101,14.6168,14.1529,13.7171,13.3105,12.9287
0.997949,40.2997,38.0159,35.696,33.5347,31.7723,30.6549,29.9139,29.1481,28.3999,27.8365,27.6021,27.6998,27.8534,27.8476,28.2689,28.4097,27.9999,27.1232,25.975,24.7263,23.4811,22.2891,21.1667,20.1236,19.1714,18.3088,17.5348,16.8407,16.2127,15.643,15.1127,14.6194,14.1553,13.7196,13.3127,12.9309
0.998312,40.3001,38.0163,35.6964,33.5352,31.7729,30.6557,29.9148,29.1492,28.4011,27.8378,27.6037,27.7016,27.8554,27.8498,28.2712,28.412,28.0021,27.1254,25.9772,24.7286,23.4835,22.2917,21.1693,20.1263,19.1742,18.3116,17.5376,16.8435,16.2154,15.6456,15.1153,14.6219,14.1577,13.722,13.3149,12.9331
0.998659,40.3006,38.0167,35.6969,33.5357,31.7735,30.6565,29.9158,29.1502,28.4022,27.839,27.6052,27.7033,27.8573,27.8519,28.2734,28.4142,28.0043,27.1275,25.9794,24.7308,23.4859,22.2941,21.1719,20.1289,19.1769,18.3143,17.5402,16.8461,16.2181,15.6482,15.1178,14.6243,14.16,13.7243,13.317,12.9352
0.998988,40.301,38.0171,35.6973,33.5361,31.774,30.6573,29.9167,29.1511,28.4032,27.8402,27.6066,27.7049,27.859,27.8539,28.2755,28.4163,28.0063,27.1295,25.9814,24.733,23.4881,22.2965,21.1744,20.1314,19.1794,18.3168,17.5428,16.8487,16.2206,15.6506,15.1202,14.6267,14.1622,13.7265,13.3191,12.9373
0.999302,40.3014,38.0175,35.6976,33.5366,31.7746,30.658,29.9176,29.1521,28.4042,27.8414,27.6079,27.7065,27.8607,27.8558,28.2775,28.4183,28.0082,27.1314,25.9833,24.735,23.4902,22.2987,21.1767,20.1338,19.1819,18.3193,17.5452,16.8512,16.223,15.6529,15.1226,14.6289,14.1644,13.7287,13.3211,12.9394
0.999603,40.3017,38.0179,35.698,33.537,31.7751,30.6587,29.9184,29.153,28.4052,27.8424,27.6092,27.708,27.8624,27.8576,28.2794,28.4202,28.01,27.1332,25.9852,24.7369,23.4922,22.3009,21.1789,20.1361,19.1842,18.3217,17.5476,16.8536,16.2254,15.6552,15.1248,14.6312,14.1665,13.7308,13.3231,12.9413
0.999889,40.3021,38.0182,35.6984,33.5373,31.7756,30.6594,29.9192,29.1538,28.4061,27.8435,27.6104,27.7094,27.8639,27.8593,28.2813,28.422,28.0118,27.135,25.9869,24.7387,23.4942,22.3029,21.1811,20.1383,19.1864,18.3239,17.5498,16.8558,16.2277,15.6574,15.127,14.6333,14.1686,13.7328,13.325,12.9432
1.00016,40.3024,38.0185,35.6987,33.5377,31.776,30.6601,29.9199,29.1546,28.407,27.8445,27.6116,27.7108,27.8654,27.861,28.283,28.4237,28.0135,27.1366,25.9886,24.7405,23.496,22.3048,21.1831,20.1404,19.1886,18.3261,17.552,16.858,16.2298,15.6595,15.1291,14.6353,14.1706,13.7348,13.3269,12.9451
1.00042,40.3028,38.0188,35.699,33.5381,31.7765,30.6607,29.9207,29.1554,28.4078,27.8454,27.6127,27.7121,27.8668,27.8626,28.2847,28.4254,28.0151,27.1382,25.9902,24.7421,23.4978,22.3067,21.185,20.1424,19.1906,18.3282,17.5541,16.8601,16.2319,15.6616,15.1311,14.6373,14.1725,13.7367,13.3287,12.9468
1.00067,40.3031,38.0191,35.6993,33.5384,31.7769,30.6613,29.9214,29.1561,28.4086,27.8463,27.6138,27.7133,27.8681,27.8641,28.2863,28.4269,28.0166,27.1397,25.9917,24.7437,23.4994,22.3084,21.1869,20.1443,19.1926,18.3302,17.556,16.8622,16.2339,15.6635,15.1331,14.6392,14.1743,13.7385,13.3304,12.9486
1.00091,40.3034,38.0194,35.6996,33.5387,31.7773,30.6618,29.922,29.1568,28.4093,27.8472,27.6148,27.7145,27.8694,27.8655,28.2878,28.4284,28.018,27.1411,25.9932,24.7452,23.501,22.3101,21.1887,20.1461,19.1945,18.3321,17.558,16.8641,16.2359,15.6654,15.1349,14.641,14.1761,13.7403,13.3321,12.9502
1.00113,40.3037,38.0197,35.6999,33.539,31.7777,30.6624,29.9227,29.1575,28.4101,27.848,27.6158,27.7156,27.8707,27.8669,28.2892,28.4299,28.0194,27.1425,25.9946,24.7466,23.5025,22.3117,21.1904,20.1479,19.1963,18.3339,17.5598,16.8659,16.2377,15.6672,15.1367,14.6428,14.1778,13.742,13.3337,12.9518
1.00134,40.3039,38.0199,35.7001,33.5393,31.778,30.6629,29.9233,29.1581,28.4108,27.8488,27.6167,27.7167,27.8718,27.8682,28.2906,28.4312,28.0207,27.1438,25.9959,24.748,23.504,22.3133,21.192,20.1496,19.198,18.3356,17.5615,16.8677,16.2395,15.6689,15.1384,14.6445,14.1794,13.7436,13.3353,12.9533
1.00155,40.3042,38.0202,35.7004,33.5396,31.7784,30.6634,29.9238,29.1588,28.4114,27.8495,27.6176,27.7177,27.873,27.8695,28.292,28.4325,28.0219,27.145,25.9971,24.7493,23.5054,22.3147,21.1935,20.1512,19.1996,18.3373,17.5632,16.8694,16.2412,15.6706,15.1401,14.6461,14.181,13.7452,13.3368,12.9548
1.00174,40.3044,38.0204,35.7006,33.5399,31.7787,30.6638,29.9244,29.1593,28.4121,27.8502,27.6184,27.7187,27.874,27.8707,28.2932,28.4338,28.0231,27.1462,25.9983,24.7505,23.5067,22.3161,21.195,20.1527,19.2012,18.3389,17.5648,16.871,16.2428,15.6722,15.1417,14.6477,14.1825,13.7466,13.3382,12.9562
1.00193,40.3047,38.0206,35.7009,33.5401,31.779,30.6643,29.9249,29.1599,28.4127,27.8509,27.6192,27.7197,27.8751,27.8719,28.2944,28.4349,28.0243,27.1473,25.9994,24.7517,23.5079,22.3174,21.1964,20.1541,19.2027,18.3404,17.5664,16.8726,16.2443,15.6737,15.1432,14.6492,14.184,13.7481,13.3396,12.9576
1.00211,40.3049,38.0208,35.7011,33.5403,31.7794,30.6647,29.9254,29.1604,28.4132,27.8516,27.62,27.7206,27.876,27.8729,28.2956,28.4361,28.0254,27.1483,26.0005,24.7529,23.5091,22.3187,21.1977,20.1555,19.2041,18.3419,17.5678,16.8741,16.2458,15.6752,15.1447,14.6506,14.1854,13.7495,13.3409,12.9589
1.00228,40.3051,38.021,35.7013,33.5406,31.7796,30.6651,29.9259,29.161,28.4138,27.8522,27.6207,27.7214,27.877,27.874,28.2967,28.4371,28.0264,27.1494,26.0016,24.7539,23.5103,22.3199,21.199,20.1569,19.2055,18.3433,17.5693,16.8755,16.2473,15.6766,15.1461,14.652,14.1868,13.7508,13.3422,12.9602
1.00244,40.3053,38.0212,35.7015,33.5408,31.7799,30.6655,29.9264,29.1614,28.4143,27.8528,27.6215,27.7223,27.8779,27.875,28.2977,28.4382,28.0274,27.1503,26.0026,24.755,23.5113,22.3211,21.2002,20.1581,19.2068,18.3446,17.5706,16.8769,16.2486,15.678,15.1474,14.6533,14.188,13.7521,13.3434,12.9614
1.00259,40.3055,38.0214,35.7017,33.541,31.7802,30.6659,29.9268,29.1619,28.4148,27.8533,27.6221,27.7231,27.8787,27.876,28.2987,28.4391,28.0283,27.1513,26.0035,24.7559,23.5124,22.3222,21.2014,20.1593,19.2081,18.3459,17.5719,16.8782,16.2499,15.6792,15.1487,14.6546,14.1893,13.7533,13.3446,12.9625
1.00274,40.3057,38.0216,35.7018,33.5412,31.7804,30.6663,29.9273,29.1624,28.4153,27.8539,27.6228,27.7238,27.8795,27.8769,28.2997,28.4401,28.0292,27.1521,26.0044,24.7569,23.5134,22.3232,21.2025,20.1605,19.2093,18.3471,17.5731,16.8794,16.2512,15.6805,15.1499,14.6558,14.1905,13.7544,13.3457,12.9636
